Source,Target,Weight
AGENCY theory,BOARDS of directors,1.0
AGENCY theory,CORPORATE governance,3.0
AGENCY theory,CORPORATIONS -- Finance,1.0
AGENCY theory,DEBT,1.0
AGENCY theory,DECISION making,1.0
AGENCY theory,DIRECTORS of corporations,1.0
AGENCY theory,EMPLOYEE ownership,1.0
AGENCY theory,EMPLOYEE selection,1.0
AGENCY theory,EMPLOYMENT in foreign countries,1.0
AGENCY theory,EQUITY,1.0
AGENCY theory,EXECUTIVE ability (Management),1.0
AGENCY theory,EXECUTIVES,1.0
AGENCY theory,EXECUTIVES -- Recruiting,1.0
AGENCY theory,FAMILY-owned business enterprises,1.0
AGENCY theory,FINANCIAL performance,1.0
AGENCY theory,FOREIGN subsidiaries -- Management,1.0
AGENCY theory,HOST countries (Business),1.0
AGENCY theory,INCENTIVES in industry,2.0
AGENCY theory,INDUSTRIAL relations,1.0
AGENCY theory,INTERNATIONAL business enterprises -- Management,1.0
AGENCY theory,INVESTMENTS,1.0
AGENCY theory,META-analysis,1.0
AGENCY theory,ORGANIZATIONAL behavior,4.0
AGENCY theory,ORGANIZATIONAL effectiveness,2.0
AGENCY theory,ORGANIZATIONAL research,1.0
AGENCY theory,ORGANIZATIONAL sociology,3.0
AGENCY theory,ORGANIZATIONAL structure,2.0
AGENCY theory,PERFORMANCE,1.0
AGENCY theory,PERSONNEL management,1.0
AGENCY theory,PROPERTY,1.0
AGENCY theory,PSYCHOMETRICS,1.0
AGENCY theory,RESEARCH & development,1.0
AGENCY theory,RESOURCE-based theory of the firm,1.0
AGENCY theory,STEWARDS,1.0
AGENCY theory,STOCK repurchasing,1.0
AGENCY theory,STOCKHOLDERS wealth,1.0
AGENCY theory,STRATEGIC planning,1.0
AGENCY theory,SUBSIDIARY corporations -- Management,1.0
AGGRESSION (Psychology),ANGER in the workplace,1.0
AGGRESSION (Psychology),EMPLOYEES -- Attitudes,2.0
AGGRESSION (Psychology),INDIVIDUAL differences,1.0
AGGRESSION (Psychology),INDUSTRIAL relations,1.0
AGGRESSION (Psychology),INTERPERSONAL relations,1.0
AGGRESSION (Psychology),MANAGEMENT science,1.0
AGGRESSION (Psychology),ORGANIZATIONAL behavior,1.0
AGGRESSION (Psychology),ORGANIZATIONAL justice,1.0
AGGRESSION (Psychology),ORGANIZATIONAL structure,1.0
AGGRESSION (Psychology),PROBLEM employees,1.0
AGGRESSION (Psychology),SOCIAL context,1.0
AGGRESSION (Psychology),SOCIAL influence,1.0
AGGRESSION (Psychology),SOCIAL psychology,1.0
AGGRESSION (Psychology),TEAMS in the workplace,1.0
AGGRESSION (Psychology),VIOLENCE,1.0
AGGRESSION (Psychology),VIOLENCE in the workplace,1.0
AGGRESSION (Psychology),WORK attitudes,1.0
AGGRESSION (Psychology),WORK environment,2.0
AMBIVALENCE,JOB satisfaction,1.0
AMBIVALENCE,MARKETING management,1.0
AMBIVALENCE,MULTILEVEL marketing,1.0
AMBIVALENCE,ORGANIZATIONAL behavior,1.0
AMBIVALENCE,ORGANIZATIONAL commitment,1.0
AMBIVALENCE,ORGANIZATIONAL effectiveness,1.0
AMBIVALENCE,ORGANIZATIONAL sociology,1.0
AMBIVALENCE,ORGANIZATIONAL structure,1.0
AMBIVALENCE,QUALITY of work life,1.0
ANGER in the workplace,EMPLOYEES -- Attitudes,1.0
ANGER in the workplace,INDUSTRIAL relations,1.0
ANGER in the workplace,MANAGEMENT science,1.0
ANGER in the workplace,ORGANIZATIONAL justice,1.0
ANGER in the workplace,PROBLEM employees,1.0
ANGER in the workplace,SOCIAL psychology,1.0
ANGER in the workplace,VIOLENCE,1.0
ANGER in the workplace,VIOLENCE in the workplace,1.0
ANGER in the workplace,WORK attitudes,1.0
ANGER in the workplace,WORK environment,1.0
BEHAVIORAL research,EMPLOYEES -- Attitudes -- Research,1.0
BEHAVIORAL research,GENEROSITY,1.0
BEHAVIORAL research,INTERPERSONAL relations,1.0
BEHAVIORAL research,LABOR productivity,1.0
BEHAVIORAL research,ORGANIZATIONAL behavior,1.0
BEHAVIORAL research,PERSONNEL management,1.0
BEHAVIORAL research,SOCIAL exchange,1.0
BEHAVIORAL research,SOCIAL factors,1.0
BEHAVIORAL research,SOCIAL status,1.0
BOARDS of directors,BUSINESS planning,1.0
BOARDS of directors,CORPORATE governance,1.0
BOARDS of directors,DEBT,1.0
BOARDS of directors,DECISION making,1.0
BOARDS of directors,DIRECTORS of corporations,1.0
BOARDS of directors,DIVERSIFICATION in industry,1.0
BOARDS of directors,EMPLOYEE ownership,1.0
BOARDS of directors,FAMILY-owned business enterprises,1.0
BOARDS of directors,FOREIGN investments,1.0
BOARDS of directors,GLOBALIZATION,1.0
BOARDS of directors,HIGH technology,1.0
BOARDS of directors,INDUSTRIAL relations,1.0
BOARDS of directors,INNOVATION adoption,1.0
BOARDS of directors,INSTITUTIONAL investors,1.0
BOARDS of directors,INTERNATIONAL business enterprises,1.0
BOARDS of directors,ORGANIZATIONAL behavior,1.0
BOARDS of directors,ORGANIZATIONAL structure,1.0
BOARDS of directors,PENSION trusts,1.0
BOARDS of directors,STRATEGIC planning,1.0
BOARDS of directors,TECHNOLOGICAL innovations,1.0
BREAK-even analysis,CORPORATE governance,1.0
BREAK-even analysis,DATA mining,1.0
BREAK-even analysis,DECISION making,1.0
BREAK-even analysis,INFORMATION resources management,1.0
BREAK-even analysis,KNOWLEDGE management,1.0
BREAK-even analysis,MANAGEMENT information systems,1.0
BREAK-even analysis,MANAGEMENT science,1.0
BREAK-even analysis,ORGANIZATIONAL behavior,1.0
BREAK-even analysis,RESEARCH & development,1.0
BREAK-even analysis,RESEARCH & development contracts,1.0
BREAK-even analysis,TRANSACTION costs,1.0
BURNOUT (Psychology),INDUSTRIAL psychology,1.0
BURNOUT (Psychology),INTRINSIC motivation,1.0
BURNOUT (Psychology),JOB qualifications,1.0
BURNOUT (Psychology),JOB stress,1.0
BURNOUT (Psychology),MANAGEMENT science,1.0
BURNOUT (Psychology),MENTAL fatigue,1.0
BURNOUT (Psychology),MOTIVATION (Psychology),1.0
BURNOUT (Psychology),ORGANIZATIONAL behavior,1.0
BURNOUT (Psychology),ORGANIZATIONAL effectiveness,1.0
BURNOUT (Psychology),PERSONNEL management,1.0
BURNOUT (Psychology),SOCIAL networks,1.0
BUSINESS communication,CORPORATE governance,1.0
BUSINESS communication,GROUP decision making,1.0
BUSINESS communication,INTELLECTUAL capital,1.0
BUSINESS communication,INTERGROUP relations,1.0
BUSINESS communication,INTERORGANIZATIONAL networks,1.0
BUSINESS communication,INTERORGANIZATIONAL relations,1.0
BUSINESS communication,INVESTMENTS,1.0
BUSINESS communication,KNOWLEDGE management,1.0
BUSINESS communication,SUPPLY chains,1.0
BUSINESS enterprises,CHIEF executive officers,1.0
BUSINESS enterprises,CORPORATE governance,1.0
BUSINESS enterprises,EXECUTIVE compensation,1.0
BUSINESS enterprises,FAMILY-owned business enterprises,1.0
BUSINESS enterprises,MUNICIPAL corporations,1.0
BUSINESS enterprises,ORGANIZATIONAL behavior,1.0
BUSINESS enterprises,ORGANIZATIONAL structure,1.0
BUSINESS enterprises,RESEARCH & development,1.0
BUSINESS enterprises,RISK,1.0
BUSINESS enterprises -- Valuation,CAPITALISTS & financiers,1.0
BUSINESS enterprises -- Valuation,CORPORATIONS -- Finance,1.0
BUSINESS enterprises -- Valuation,CORPORATIONS -- Valuation,1.0
BUSINESS enterprises -- Valuation,DECISION making,1.0
BUSINESS enterprises -- Valuation,EXECUTIVE compensation,1.0
BUSINESS enterprises -- Valuation,GOING public (Securities),1.0
BUSINESS enterprises -- Valuation,INCENTIVES in industry,1.0
BUSINESS enterprises -- Valuation,OPTIONS (Finance),1.0
BUSINESS enterprises -- Valuation,STOCK options,1.0
BUSINESS models,DECISION theory,1.0
BUSINESS models,INDUSTRIAL relations,1.0
BUSINESS models,MANAGEMENT science,1.0
BUSINESS models,ORGANIZATIONAL behavior,1.0
BUSINESS models,ORGANIZATIONAL change,1.0
BUSINESS models,ORGANIZATIONAL research,1.0
BUSINESS models,ORGANIZATIONAL sociology,1.0
BUSINESS models,ORGANIZATIONAL structure,1.0
BUSINESS models,PUNCTUATED equilibrium (Evolution),1.0
BUSINESS networks,COMPETITIVE advantage,1.0
BUSINESS networks,CONTAGION (Social psychology),1.0
BUSINESS networks,DECISION making,1.0
BUSINESS networks,EMPLOYEE recruitment,1.0
BUSINESS networks,EXECUTIVES -- Recruiting,1.0
BUSINESS networks,HUMAN capital -- Management,1.0
BUSINESS networks,INDUSTRIAL efficiency,1.0
BUSINESS networks,INDUSTRIAL management,1.0
BUSINESS networks,INDUSTRIAL organization,1.0
BUSINESS networks,INTELLECTUAL capital,1.0
BUSINESS networks,INTERGROUP relations,1.0
BUSINESS networks,INTERORGANIZATIONAL networks,1.0
BUSINESS networks,INTERORGANIZATIONAL relations,2.0
BUSINESS networks,MANAGEMENT science,1.0
BUSINESS networks,ORGANIZATIONAL behavior,1.0
BUSINESS networks,ORGANIZATIONAL effectiveness,1.0
BUSINESS networks,ORGANIZATIONAL sociology,1.0
BUSINESS networks,ORGANIZATIONAL structure,1.0
BUSINESS networks,PERSONNEL changes,1.0
BUSINESS networks,PERSONNEL management,2.0
BUSINESS networks,RESOURCE management,1.0
BUSINESS networks,RESOURCE-based theory of the firm,1.0
BUSINESS networks,SOCIAL networks,1.0
BUSINESS networks,STRATEGIC alliances (Business),1.0
BUSINESS networks,STRATEGIC planning,1.0
BUSINESS networks,SUPPLIERS,1.0
BUSINESS networks,TEAMS in the workplace,1.0
BUSINESS planning,COMPETITIVE advantage,1.0
BUSINESS planning,CORPORATE culture,1.0
BUSINESS planning,CORPORATIONS -- Finance,1.0
BUSINESS planning,DIVERSIFICATION in industry,2.0
BUSINESS planning,EMPLOYEES -- Rating of,1.0
BUSINESS planning,FOREIGN investments,1.0
BUSINESS planning,GLOBALIZATION,1.0
BUSINESS planning,HIGH technology,1.0
BUSINESS planning,INDUSTRIAL management,1.0
BUSINESS planning,INNOVATION adoption,1.0
BUSINESS planning,INNOVATION management,1.0
BUSINESS planning,INNOVATIONS in business,1.0
BUSINESS planning,INSTITUTIONAL investors,1.0
BUSINESS planning,INTERNATIONAL business enterprises,1.0
BUSINESS planning,MANAGEMENT research,1.0
BUSINESS planning,MANAGEMENT science,1.0
BUSINESS planning,ORGANIZATIONAL behavior,1.0
BUSINESS planning,ORGANIZATIONAL change,1.0
BUSINESS planning,ORGANIZATIONAL effectiveness,1.0
BUSINESS planning,PENSION trusts,1.0
BUSINESS planning,PERFORMANCE standards,1.0
BUSINESS planning,PRODUCT management,1.0
BUSINESS planning,RESEARCH & development,1.0
BUSINESS planning,SHIPBUILDING industry,1.0
BUSINESS planning,STRATEGIC planning,2.0
BUSINESS planning,SUCCESS in business,1.0
BUSINESS planning,TECHNOLOGICAL innovations,1.0
BUSINESS planning,TECHNOLOGICAL innovations -- Economic aspects,1.0
CAPITAL investments,CHIEF executive officers,1.0
CAPITAL investments,CONSOLIDATION & merger of corporations,1.0
CAPITAL investments,EXECUTIVE succession,1.0
CAPITAL investments,EXECUTIVES -- Dismissal of,1.0
CAPITAL investments,HUMAN capital,1.0
CAPITAL investments,LABOR economics,1.0
CAPITAL investments,LABOR turnover,1.0
CAPITAL investments,ORGANIZATIONAL behavior,1.0
CAPITAL investments,ORGANIZATIONAL effectiveness,1.0
CAPITAL market,COMPETITIVE advantage,1.0
CAPITAL market,ENTREPRENEURSHIP,1.0
CAPITAL market,GOING public (Securities),1.0
CAPITAL market,INFRASTRUCTURE (Economics),1.0
CAPITAL market,INVESTMENTS,1.0
CAPITAL market,ORGANIZATIONAL effectiveness,1.0
CAPITAL market,RESOURCE management,1.0
CAPITAL market,SOCIAL capital (Sociology),1.0
CAPITAL market,VENTURE capital,1.0
CAPITALISTS & financiers,CORPORATE image,1.0
CAPITALISTS & financiers,CORPORATIONS -- Finance,1.0
CAPITALISTS & financiers,CORPORATIONS -- Investor relations,1.0
CAPITALISTS & financiers,CORPORATIONS -- Public relations,1.0
CAPITALISTS & financiers,CORPORATIONS -- Valuation,1.0
CAPITALISTS & financiers,DECISION making,1.0
CAPITALISTS & financiers,EXECUTIVE compensation,1.0
CAPITALISTS & financiers,GOING public (Securities),2.0
CAPITALISTS & financiers,INCENTIVES in industry,1.0
CAPITALISTS & financiers,MASS media,1.0
CAPITALISTS & financiers,MATHEMATICAL statistics,1.0
CAPITALISTS & financiers,OPTIONS (Finance),1.0
CAPITALISTS & financiers,PUBLIC companies,1.0
CAPITALISTS & financiers,STOCK options,1.0
CAPITALISTS & financiers,STOCKHOLDERS -- Attitudes,1.0
CAPITALISTS & financiers,TURNOVER (Business),1.0
CHARISMATIC authority,EMPLOYEE motivation,1.0
CHARISMATIC authority,EXECUTIVE ability (Management),1.0
CHARISMATIC authority,INDUSTRIAL psychology,1.0
CHARISMATIC authority,JOB satisfaction,1.0
CHARISMATIC authority,LEADERSHIP,1.0
CHARISMATIC authority,MANAGEMENT science,1.0
CHARISMATIC authority,MANAGEMENT styles,1.0
CHARISMATIC authority,MOTIVATION (Psychology),1.0
CHARISMATIC authority,SELF-congruence,1.0
CHIEF executive officers,CONSOLIDATION & merger of corporations,1.0
CHIEF executive officers,CORPORATE governance,1.0
CHIEF executive officers,DECISION making,1.0
CHIEF executive officers,EMPLOYEE stock options,1.0
CHIEF executive officers,EXECUTIVE ability (Management),1.0
CHIEF executive officers,EXECUTIVE compensation,2.0
CHIEF executive officers,EXECUTIVE succession,2.0
CHIEF executive officers,EXECUTIVES -- Dismissal of,1.0
CHIEF executive officers,EXECUTIVES -- Recruiting,1.0
CHIEF executive officers,FAMILY-owned business enterprises,1.0
CHIEF executive officers,HUMAN capital,1.0
CHIEF executive officers,JOB qualifications,1.0
CHIEF executive officers,LABOR economics,1.0
CHIEF executive officers,LABOR turnover,1.0
CHIEF executive officers,MANAGEMENT research,1.0
CHIEF executive officers,MANAGEMENT science,1.0
CHIEF executive officers,MUNICIPAL corporations,1.0
CHIEF executive officers,ORGANIZATIONAL behavior,2.0
CHIEF executive officers,ORGANIZATIONAL change,1.0
CHIEF executive officers,ORGANIZATIONAL effectiveness,2.0
CHIEF executive officers,ORGANIZATIONAL structure,2.0
CHIEF executive officers,PERSONNEL changes,1.0
CHIEF executive officers,RESEARCH & development,1.0
CHIEF executive officers,RISK,1.0
CHIEF executive officers,RISK management in business,1.0
CHIEF executive officers,STOCK options,1.0
CHIEF executive officers,STOCK ownership,1.0
CHIEF executive officers,STOCKS (Finance),1.0
CHIEF executive officers,STRATEGIC planning,1.0
CHIEF executive officers,SUCCESSION planning,1.0
COMMERCIAL products,DECISION making,1.0
COMMERCIAL products,MARKETING,1.0
COMMERCIAL products,MARKETING -- Decision making,1.0
COMMERCIAL products,NEW products,1.0
COMMERCIAL products,PERFORMANCE evaluation,1.0
COMMERCIAL products,PRODUCT design,1.0
COMMERCIAL products,PRODUCT management,1.0
COMMERCIAL products,RESEARCH & development,1.0
COMMERCIAL products,STRATEGIC planning,1.0
COMPENSATION management,CONTINGENCY theory (Management),1.0
COMPENSATION management,CORPORATE governance,1.0
COMPENSATION management,EXECUTIVE ability (Management),1.0
COMPENSATION management,EXECUTIVE compensation,1.0
COMPENSATION management,FINANCIAL management,1.0
COMPENSATION management,FINANCIAL performance,1.0
COMPENSATION management,HOSPITALS -- Administration,1.0
COMPENSATION management,HUMAN capital,1.0
COMPENSATION management,INDUSTRIAL efficiency,1.0
COMPENSATION management,INDUSTRIAL management,1.0
COMPENSATION management,LABOR economics,1.0
COMPENSATION management,MANAGEMENT,1.0
COMPENSATION management,MANAGEMENT science,1.0
COMPENSATION management,ORGANIZATIONAL behavior,1.0
COMPENSATION management,ORGANIZATIONAL effectiveness,1.0
COMPENSATION management,PERSONNEL management,2.0
COMPENSATION management,RESOURCE management,1.0
COMPENSATION management,WAGE payment systems,1.0
COMPENSATION management,WAGES,1.0
COMPETITIVE advantage,CORPORATIONS -- Finance,1.0
COMPETITIVE advantage,CROSS-functional teams,1.0
COMPETITIVE advantage,DECISION making,1.0
COMPETITIVE advantage,ENTREPRENEURSHIP,1.0
COMPETITIVE advantage,GOING public (Securities),1.0
COMPETITIVE advantage,GROUP decision making,1.0
COMPETITIVE advantage,GROUP identity,1.0
COMPETITIVE advantage,HUMAN capital -- Management,1.0
COMPETITIVE advantage,INDUSTRIAL efficiency,1.0
COMPETITIVE advantage,INDUSTRIAL management,2.0
COMPETITIVE advantage,INFRASTRUCTURE (Economics),1.0
COMPETITIVE advantage,INNOVATION management,1.0
COMPETITIVE advantage,INNOVATIONS in business,1.0
COMPETITIVE advantage,INTELLECTUAL capital,1.0
COMPETITIVE advantage,INVESTMENTS,1.0
COMPETITIVE advantage,MANAGEMENT,1.0
COMPETITIVE advantage,ORGANIZATIONAL behavior,2.0
COMPETITIVE advantage,ORGANIZATIONAL change,1.0
COMPETITIVE advantage,ORGANIZATIONAL effectiveness,2.0
COMPETITIVE advantage,ORGANIZATIONAL sociology,1.0
COMPETITIVE advantage,ORGANIZATIONAL structure,1.0
COMPETITIVE advantage,PERFORMANCE,1.0
COMPETITIVE advantage,PERSONNEL management,2.0
COMPETITIVE advantage,RESEARCH & development,1.0
COMPETITIVE advantage,RESOURCE management,2.0
COMPETITIVE advantage,RESOURCE-based theory of the firm,1.0
COMPETITIVE advantage,SHIPBUILDING industry,1.0
COMPETITIVE advantage,SOCIAL capital (Sociology),1.0
COMPETITIVE advantage,SOCIAL networks,1.0
COMPETITIVE advantage,STRATEGIC planning,1.0
COMPETITIVE advantage,SUCCESS in business,1.0
COMPETITIVE advantage,TEAMS in the workplace,1.0
COMPETITIVE advantage,TECHNOLOGICAL innovations -- Economic aspects,1.0
COMPETITIVE advantage,VENTURE capital,1.0
CONDUCT of life,EMPLOYEE loyalty,1.0
CONDUCT of life,EMPLOYEES -- Attitudes,1.0
CONDUCT of life,INDUSTRIAL relations,1.0
CONDUCT of life,LABOR organizing,1.0
CONDUCT of life,LABOR supply,1.0
CONDUCT of life,ORGANIZATIONAL behavior,1.0
CONDUCT of life,ORGANIZATIONAL commitment,1.0
CONDUCT of life,ORGANIZATIONAL structure,1.0
CONDUCT of life,PERSONNEL management,1.0
CONFLICT management,DECISION making,1.0
CONFLICT management,EMPLOYEES,1.0
CONFLICT management,INDUSTRIAL relations,1.0
CONFLICT management,JUSTICE,1.0
CONFLICT management,MEDIATION,1.0
CONFLICT management,ORGANIZATIONAL behavior,1.0
CONFLICT management,ORGANIZATIONAL effectiveness,1.0
CONFLICT management,RESOURCE allocation,1.0
CONFLICT management,SUPERVISORS,1.0
CONFLICT management,UNITED States -- National Guard,1.0
CONSOLIDATION & merger of corporations,EXECUTIVE succession,1.0
CONSOLIDATION & merger of corporations,EXECUTIVES -- Dismissal of,1.0
CONSOLIDATION & merger of corporations,HUMAN capital,1.0
CONSOLIDATION & merger of corporations,LABOR economics,1.0
CONSOLIDATION & merger of corporations,LABOR turnover,1.0
CONSOLIDATION & merger of corporations,ORGANIZATIONAL behavior,1.0
CONSOLIDATION & merger of corporations,ORGANIZATIONAL effectiveness,1.0
CONTAGION (Social psychology),EMPLOYEE recruitment,1.0
CONTAGION (Social psychology),EXECUTIVES -- Recruiting,1.0
CONTAGION (Social psychology),INTERORGANIZATIONAL networks,1.0
CONTAGION (Social psychology),INTERORGANIZATIONAL relations,1.0
CONTAGION (Social psychology),MANAGEMENT science,1.0
CONTAGION (Social psychology),ORGANIZATIONAL sociology,1.0
CONTAGION (Social psychology),PERSONNEL changes,1.0
CONTAGION (Social psychology),PERSONNEL management,1.0
CONTAGION (Social psychology),TEAMS in the workplace,1.0
CONTINGENCY theory (Management),CORPORATE governance,1.0
CONTINGENCY theory (Management),EXECUTIVE ability (Management),1.0
CONTINGENCY theory (Management),EXECUTIVE compensation,1.0
CONTINGENCY theory (Management),HUMAN capital,1.0
CONTINGENCY theory (Management),LABOR economics,1.0
CONTINGENCY theory (Management),MANAGEMENT science,1.0
CONTINGENCY theory (Management),PERSONNEL management,1.0
CONTINGENCY theory (Management),WAGES,1.0
CORPORATE culture,DIVERSIFICATION in industry,1.0
CORPORATE culture,EMPLOYEES -- Rating of,1.0
CORPORATE culture,MANAGEMENT research,1.0
CORPORATE culture,MANAGEMENT science,1.0
CORPORATE culture,ORGANIZATIONAL effectiveness,1.0
CORPORATE culture,PERFORMANCE standards,1.0
CORPORATE culture,PRODUCT management,1.0
CORPORATE culture,STRATEGIC planning,1.0
CORPORATE governance,CORPORATIONS -- Finance,1.0
CORPORATE governance,DATA mining,1.0
CORPORATE governance,DEBT,1.0
CORPORATE governance,DECENTRALIZATION in management,1.0
CORPORATE governance,DECISION making,2.0
CORPORATE governance,DIRECTORS of corporations,1.0
CORPORATE governance,EMINENT domain,1.0
CORPORATE governance,EMPLOYEE ownership,1.0
CORPORATE governance,EQUITY,1.0
CORPORATE governance,EXECUTIVE ability (Management),2.0
CORPORATE governance,EXECUTIVE compensation,2.0
CORPORATE governance,EXECUTIVES,1.0
CORPORATE governance,FAMILY-owned business enterprises,2.0
CORPORATE governance,FINANCIAL performance,1.0
CORPORATE governance,GROUP decision making,1.0
CORPORATE governance,HUMAN capital,1.0
CORPORATE governance,INCENTIVES in industry,1.0
CORPORATE governance,INDUSTRIAL management,1.0
CORPORATE governance,INDUSTRIAL relations,1.0
CORPORATE governance,INFORMATION resources management,1.0
CORPORATE governance,INSTITUTIONAL investors,1.0
CORPORATE governance,INTELLECTUAL capital,1.0
CORPORATE governance,INTERGROUP relations,1.0
CORPORATE governance,INTERORGANIZATIONAL networks,1.0
CORPORATE governance,INTERORGANIZATIONAL relations,1.0
CORPORATE governance,INVESTMENTS,1.0
CORPORATE governance,KNOWLEDGE management,2.0
CORPORATE governance,LABOR economics,1.0
CORPORATE governance,MANAGEMENT information systems,1.0
CORPORATE governance,MANAGEMENT science,2.0
CORPORATE governance,META-analysis,1.0
CORPORATE governance,MINORITY stockholders,1.0
CORPORATE governance,MUNICIPAL corporations,1.0
CORPORATE governance,NEW products,1.0
CORPORATE governance,ORGANIZATIONAL behavior,6.0
CORPORATE governance,ORGANIZATIONAL effectiveness,4.0
CORPORATE governance,ORGANIZATIONAL research,1.0
CORPORATE governance,ORGANIZATIONAL sociology,1.0
CORPORATE governance,ORGANIZATIONAL structure,4.0
CORPORATE governance,PERFORMANCE,2.0
CORPORATE governance,PERSONNEL management,1.0
CORPORATE governance,PROFIT,1.0
CORPORATE governance,PROPERTY,1.0
CORPORATE governance,PSYCHOMETRICS,1.0
CORPORATE governance,RESEARCH & development,2.0
CORPORATE governance,RESEARCH & development contracts,1.0
CORPORATE governance,RISK,1.0
CORPORATE governance,STOCK repurchasing,1.0
CORPORATE governance,STOCKHOLDERS,1.0
CORPORATE governance,STOCKHOLDERS wealth,2.0
CORPORATE governance,STRATEGIC planning,1.0
CORPORATE governance,SUPPLY chains,1.0
CORPORATE governance,TRANSACTION costs,1.0
CORPORATE governance,WAGES,2.0
CORPORATE image,CORPORATIONS -- Investor relations,1.0
CORPORATE image,CORPORATIONS -- Public relations,1.0
CORPORATE image,GOING public (Securities),1.0
CORPORATE image,MASS media,1.0
CORPORATE image,MATHEMATICAL statistics,1.0
CORPORATE image,PUBLIC companies,1.0
CORPORATE image,STOCKHOLDERS -- Attitudes,1.0
CORPORATE image,TURNOVER (Business),1.0
CORPORATIONS -- Finance,CORPORATIONS -- Valuation,1.0
CORPORATIONS -- Finance,DECISION making,1.0
CORPORATIONS -- Finance,EXECUTIVE ability (Management),1.0
CORPORATIONS -- Finance,EXECUTIVE compensation,1.0
CORPORATIONS -- Finance,EXECUTIVES,1.0
CORPORATIONS -- Finance,GOING public (Securities),1.0
CORPORATIONS -- Finance,INCENTIVES in industry,2.0
CORPORATIONS -- Finance,INDUSTRIAL management,1.0
CORPORATIONS -- Finance,INNOVATION management,1.0
CORPORATIONS -- Finance,INNOVATIONS in business,1.0
CORPORATIONS -- Finance,OPTIONS (Finance),1.0
CORPORATIONS -- Finance,ORGANIZATIONAL behavior,2.0
CORPORATIONS -- Finance,ORGANIZATIONAL change,1.0
CORPORATIONS -- Finance,ORGANIZATIONAL effectiveness,1.0
CORPORATIONS -- Finance,RESEARCH & development,1.0
CORPORATIONS -- Finance,SHIPBUILDING industry,1.0
CORPORATIONS -- Finance,STOCK options,1.0
CORPORATIONS -- Finance,STOCK repurchasing,1.0
CORPORATIONS -- Finance,STOCKHOLDERS wealth,1.0
CORPORATIONS -- Finance,STRATEGIC planning,1.0
CORPORATIONS -- Finance,SUCCESS in business,1.0
CORPORATIONS -- Finance,TECHNOLOGICAL innovations -- Economic aspects,1.0
CORPORATIONS -- Investor relations,CORPORATIONS -- Public relations,1.0
CORPORATIONS -- Investor relations,GOING public (Securities),1.0
CORPORATIONS -- Investor relations,MASS media,1.0
CORPORATIONS -- Investor relations,MATHEMATICAL statistics,1.0
CORPORATIONS -- Investor relations,PUBLIC companies,1.0
CORPORATIONS -- Investor relations,STOCKHOLDERS -- Attitudes,1.0
CORPORATIONS -- Investor relations,TURNOVER (Business),1.0
CORPORATIONS -- Public relations,GOING public (Securities),1.0
CORPORATIONS -- Public relations,MASS media,1.0
CORPORATIONS -- Public relations,MATHEMATICAL statistics,1.0
CORPORATIONS -- Public relations,PUBLIC companies,1.0
CORPORATIONS -- Public relations,STOCKHOLDERS -- Attitudes,1.0
CORPORATIONS -- Public relations,TURNOVER (Business),1.0
CORPORATIONS -- Valuation,DECISION making,1.0
CORPORATIONS -- Valuation,EXECUTIVE compensation,1.0
CORPORATIONS -- Valuation,GOING public (Securities),1.0
CORPORATIONS -- Valuation,INCENTIVES in industry,1.0
CORPORATIONS -- Valuation,OPTIONS (Finance),1.0
CORPORATIONS -- Valuation,STOCK options,1.0
CREATIVE ability,CREATIVE ability in business,2.0
CREATIVE ability,CROSS-cultural differences,1.0
CREATIVE ability,DECISION making,1.0
CREATIVE ability,EMPLOYEE motivation,1.0
CREATIVE ability,EMPLOYEES,1.0
CREATIVE ability,INNOVATION management,1.0
CREATIVE ability,MANAGEMENT science,1.0
CREATIVE ability,MOTION picture authorship,1.0
CREATIVE ability,ORGANIZATIONAL behavior,1.0
CREATIVE ability,PERSONNEL management,1.0
CREATIVE ability,QUALITY of products,1.0
CREATIVE ability,SCREENWRITERS,1.0
CREATIVE ability,SELF-perception,1.0
CREATIVE ability,SOCIAL judgment theory (Communication),1.0
CREATIVE ability,TAIWANESE,1.0
CREATIVE ability in business,CROSS-cultural differences,1.0
CREATIVE ability in business,DECISION making,1.0
CREATIVE ability in business,EMPLOYEE motivation,2.0
CREATIVE ability in business,EMPLOYEES,1.0
CREATIVE ability in business,EXECUTIVE ability (Management),1.0
CREATIVE ability in business,INDIVIDUAL differences,1.0
CREATIVE ability in business,INDUSTRIAL relations,1.0
CREATIVE ability in business,INNOVATION management,1.0
CREATIVE ability in business,INTRINSIC motivation,1.0
CREATIVE ability in business,LEADERSHIP,1.0
CREATIVE ability in business,MANAGEMENT,1.0
CREATIVE ability in business,MANAGEMENT science,1.0
CREATIVE ability in business,MOTION picture authorship,1.0
CREATIVE ability in business,ORGANIZATIONAL behavior,2.0
CREATIVE ability in business,ORGANIZATIONAL change,1.0
CREATIVE ability in business,PERSONNEL management,1.0
CREATIVE ability in business,QUALITY of products,1.0
CREATIVE ability in business,SCREENWRITERS,1.0
CREATIVE ability in business,SELF-perception,1.0
CREATIVE ability in business,SOCIAL judgment theory (Communication),1.0
CREATIVE ability in business,TAIWANESE,1.0
CREATIVE ability in business,WORK environment -- Psychological aspects,1.0
CRITICAL incident technique,DECISION making,1.0
CRITICAL incident technique,EXECUTIVE ability (Management),1.0
CRITICAL incident technique,LEADERSHIP,1.0
CRITICAL incident technique,MANAGEMENT -- Employee participation,1.0
CRITICAL incident technique,MANAGEMENT science,1.0
CRITICAL incident technique,SELF-management (Psychology),1.0
CRITICAL incident technique,STRATEGIC planning,1.0
CRITICAL incident technique,TASK analysis,1.0
CRITICAL incident technique,TEAMS in the workplace,1.0
CRITICAL thinking,DECENTRALIZATION in management,1.0
CRITICAL thinking,DECISION making,1.0
CRITICAL thinking,DELEGATION of authority,1.0
CRITICAL thinking,GROUP decision making,1.0
CRITICAL thinking,MANAGEMENT,1.0
CRITICAL thinking,MANAGEMENT science,1.0
CRITICAL thinking,ORGANIZATIONAL behavior,1.0
CRITICAL thinking,STRATEGIC business units,1.0
CRITICAL thinking,TEAMS in the workplace,1.0
CRITICAL thinking,WORKFLOW,1.0
CROSS-cultural differences,EMPLOYEE motivation,1.0
CROSS-cultural differences,EMPLOYEES,1.0
CROSS-cultural differences,INNOVATION management,1.0
CROSS-cultural differences,PERSONNEL management,1.0
CROSS-cultural differences,TAIWANESE,1.0
CROSS-functional teams,GROUP decision making,1.0
CROSS-functional teams,GROUP identity,1.0
CROSS-functional teams,MANAGEMENT,1.0
CROSS-functional teams,ORGANIZATIONAL behavior,1.0
CROSS-functional teams,ORGANIZATIONAL effectiveness,1.0
CROSS-functional teams,ORGANIZATIONAL sociology,1.0
CROSS-functional teams,ORGANIZATIONAL structure,1.0
CROSS-functional teams,PERFORMANCE,1.0
CROSS-functional teams,PERSONNEL management,1.0
CROSS-functional teams,TEAMS in the workplace,1.0
CUSTOMER orientation,CUSTOMER relations,1.0
CUSTOMER orientation,CUSTOMER satisfaction,1.0
CUSTOMER orientation,CUSTOMER services,1.0
CUSTOMER orientation,DECISION making,1.0
CUSTOMER orientation,INDUSTRIAL management,1.0
CUSTOMER orientation,LABOR process,1.0
CUSTOMER orientation,MARKETING strategy,1.0
CUSTOMER orientation,ORGANIZATIONAL behavior,1.0
CUSTOMER orientation,PRODUCTION management,1.0
CUSTOMER orientation,SERVICE industries -- Management,1.0
CUSTOMER orientation,STRATEGIC planning,1.0
CUSTOMER relations,CUSTOMER satisfaction,1.0
CUSTOMER relations,CUSTOMER services,1.0
CUSTOMER relations,DECISION making,1.0
CUSTOMER relations,INDUSTRIAL management,1.0
CUSTOMER relations,LABOR process,1.0
CUSTOMER relations,MARKETING strategy,1.0
CUSTOMER relations,ORGANIZATIONAL behavior,1.0
CUSTOMER relations,PRODUCTION management,1.0
CUSTOMER relations,SERVICE industries -- Management,1.0
CUSTOMER relations,STRATEGIC planning,1.0
CUSTOMER satisfaction,CUSTOMER services,2.0
CUSTOMER satisfaction,DECISION making,1.0
CUSTOMER satisfaction,EMOTIONS (Psychology),1.0
CUSTOMER satisfaction,EMPLOYEES -- Attitudes,1.0
CUSTOMER satisfaction,INDUSTRIAL management,1.0
CUSTOMER satisfaction,INTERPERSONAL relations,1.0
CUSTOMER satisfaction,JOB stress,1.0
CUSTOMER satisfaction,LABOR process,1.0
CUSTOMER satisfaction,MARKETING strategy,1.0
CUSTOMER satisfaction,ORGANIZATIONAL behavior,1.0
CUSTOMER satisfaction,PEER review (Professional performance),1.0
CUSTOMER satisfaction,PRODUCTION management,1.0
CUSTOMER satisfaction,SERVICE industries -- Management,1.0
CUSTOMER satisfaction,SOCIAL interaction,1.0
CUSTOMER satisfaction,SOCIAL psychology,1.0
CUSTOMER satisfaction,STRATEGIC planning,1.0
CUSTOMER satisfaction,STRESS (Psychology),1.0
CUSTOMER services,DECISION making,1.0
CUSTOMER services,EMOTIONS (Psychology),1.0
CUSTOMER services,EMPLOYEES -- Attitudes,1.0
CUSTOMER services,INDUSTRIAL management,1.0
CUSTOMER services,INTERPERSONAL relations,1.0
CUSTOMER services,JOB stress,1.0
CUSTOMER services,LABOR process,1.0
CUSTOMER services,MARKETING strategy,1.0
CUSTOMER services,ORGANIZATIONAL behavior,1.0
CUSTOMER services,PEER review (Professional performance),1.0
CUSTOMER services,PRODUCTION management,1.0
CUSTOMER services,SERVICE industries -- Management,1.0
CUSTOMER services,SOCIAL interaction,1.0
CUSTOMER services,SOCIAL psychology,1.0
CUSTOMER services,STRATEGIC planning,1.0
CUSTOMER services,STRESS (Psychology),1.0
DATA mining,DECISION making,1.0
DATA mining,INFORMATION resources management,1.0
DATA mining,KNOWLEDGE management,1.0
DATA mining,MANAGEMENT information systems,1.0
DATA mining,MANAGEMENT science,1.0
DATA mining,ORGANIZATIONAL behavior,1.0
DATA mining,RESEARCH & development,1.0
DATA mining,RESEARCH & development contracts,1.0
DATA mining,TRANSACTION costs,1.0
DEBT,DECISION making,1.0
DEBT,DIRECTORS of corporations,1.0
DEBT,EMPLOYEE ownership,1.0
DEBT,FAMILY-owned business enterprises,1.0
DEBT,INDUSTRIAL relations,1.0
DEBT,ORGANIZATIONAL behavior,1.0
DEBT,ORGANIZATIONAL structure,1.0
DECENTRALIZATION in management,DECISION making,1.0
DECENTRALIZATION in management,DELEGATION of authority,1.0
DECENTRALIZATION in management,GROUP decision making,1.0
DECENTRALIZATION in management,INDUSTRIAL management,1.0
DECENTRALIZATION in management,INSTITUTIONAL investors,1.0
DECENTRALIZATION in management,MANAGEMENT,1.0
DECENTRALIZATION in management,MANAGEMENT science,2.0
DECENTRALIZATION in management,MARKETING management,1.0
DECENTRALIZATION in management,NEW products,2.0
DECENTRALIZATION in management,ORGANIZATIONAL behavior,3.0
DECENTRALIZATION in management,ORGANIZATIONAL effectiveness,1.0
DECENTRALIZATION in management,ORGANIZATIONAL structure,1.0
DECENTRALIZATION in management,PROBLEM solving,1.0
DECENTRALIZATION in management,PRODUCT design,1.0
DECENTRALIZATION in management,PRODUCT information management,1.0
DECENTRALIZATION in management,PRODUCT lines,1.0
DECENTRALIZATION in management,PRODUCT management,1.0
DECENTRALIZATION in management,QUALITY of products,1.0
DECENTRALIZATION in management,STOCKHOLDERS wealth,1.0
DECENTRALIZATION in management,STRATEGIC business units,1.0
DECENTRALIZATION in management,TEAMS in the workplace,1.0
DECENTRALIZATION in management,WAGES,1.0
DECENTRALIZATION in management,WORKFLOW,1.0
DECISION making,DELEGATION of authority,1.0
DECISION making,DIRECTORS of corporations,1.0
DECISION making,EMPLOYEE ownership,1.0
DECISION making,EMPLOYEE stock options,1.0
DECISION making,EMPLOYEES,1.0
DECISION making,EXECUTIVE ability (Management),1.0
DECISION making,EXECUTIVE compensation,2.0
DECISION making,EXECUTIVES,1.0
DECISION making,FAMILY-owned business enterprises,1.0
DECISION making,GOING public (Securities),1.0
DECISION making,GROUP decision making,1.0
DECISION making,HIGH technology industries,1.0
DECISION making,HUMAN capital -- Management,1.0
DECISION making,INCENTIVES in industry,1.0
DECISION making,INDUSTRIAL efficiency,1.0
DECISION making,INDUSTRIAL management,3.0
DECISION making,INDUSTRIAL relations,2.0
DECISION making,INFORMATION resources management,1.0
DECISION making,INTELLECTUAL capital,1.0
DECISION making,JUSTICE,1.0
DECISION making,KNOWLEDGE management,1.0
DECISION making,LABOR process,1.0
DECISION making,LEADERSHIP,1.0
DECISION making,MANAGEMENT,1.0
DECISION making,MANAGEMENT -- Employee participation,1.0
DECISION making,MANAGEMENT information systems,1.0
DECISION making,MANAGEMENT science,4.0
DECISION making,MARKETING,1.0
DECISION making,MARKETING -- Decision making,1.0
DECISION making,MARKETING strategy,1.0
DECISION making,MEDIATION,1.0
DECISION making,MOTION picture authorship,1.0
DECISION making,NEW products,2.0
DECISION making,OPTIONS (Finance),1.0
DECISION making,ORGANIZATIONAL behavior,6.0
DECISION making,ORGANIZATIONAL effectiveness,2.0
DECISION making,ORGANIZATIONAL structure,2.0
DECISION making,PERFORMANCE evaluation,1.0
DECISION making,PERSONNEL management,1.0
DECISION making,PRODUCT design,1.0
DECISION making,PRODUCT management,1.0
DECISION making,PRODUCTION management,1.0
DECISION making,QUALITY of products,1.0
DECISION making,RESEARCH & development,2.0
DECISION making,RESEARCH & development contracts,1.0
DECISION making,RESOURCE allocation,1.0
DECISION making,RESOURCE management,1.0
DECISION making,RESOURCE-based theory of the firm,1.0
DECISION making,RISK management in business,1.0
DECISION making,SCREENWRITERS,1.0
DECISION making,SELF-management (Psychology),1.0
DECISION making,SELF-perception,1.0
DECISION making,SERVICE industries -- Management,1.0
DECISION making,SOCIAL judgment theory (Communication),1.0
DECISION making,SOCIAL networks,1.0
DECISION making,STOCK options,2.0
DECISION making,STOCK ownership,1.0
DECISION making,STOCKS (Finance),1.0
DECISION making,STRATEGIC business units,1.0
DECISION making,STRATEGIC planning,4.0
DECISION making,SUPERVISORS,1.0
DECISION making,TASK analysis,1.0
DECISION making,TEAMS in the workplace,2.0
DECISION making,TRANSACTION costs,1.0
DECISION making,UNITED States -- National Guard,1.0
DECISION making,WORKFLOW,1.0
DECISION theory,INDUSTRIAL relations,1.0
DECISION theory,MANAGEMENT science,1.0
DECISION theory,ORGANIZATIONAL behavior,1.0
DECISION theory,ORGANIZATIONAL change,1.0
DECISION theory,ORGANIZATIONAL research,1.0
DECISION theory,ORGANIZATIONAL sociology,1.0
DECISION theory,ORGANIZATIONAL structure,1.0
DECISION theory,PUNCTUATED equilibrium (Evolution),1.0
DELEGATION of authority,GROUP decision making,1.0
DELEGATION of authority,MANAGEMENT,1.0
DELEGATION of authority,MANAGEMENT science,1.0
DELEGATION of authority,ORGANIZATIONAL behavior,1.0
DELEGATION of authority,STRATEGIC business units,1.0
DELEGATION of authority,TEAMS in the workplace,1.0
DELEGATION of authority,WORKFLOW,1.0
DIRECTORS of corporations,EMPLOYEE ownership,1.0
DIRECTORS of corporations,FAMILY-owned business enterprises,1.0
DIRECTORS of corporations,INDUSTRIAL relations,1.0
DIRECTORS of corporations,ORGANIZATIONAL behavior,1.0
DIRECTORS of corporations,ORGANIZATIONAL structure,1.0
DIVERSIFICATION in industry,EMPLOYEES -- Rating of,1.0
DIVERSIFICATION in industry,FOREIGN investments,1.0
DIVERSIFICATION in industry,GLOBALIZATION,1.0
DIVERSIFICATION in industry,HIGH technology,1.0
DIVERSIFICATION in industry,INNOVATION adoption,1.0
DIVERSIFICATION in industry,INSTITUTIONAL investors,1.0
DIVERSIFICATION in industry,INTERNATIONAL business enterprises,1.0
DIVERSIFICATION in industry,MANAGEMENT research,1.0
DIVERSIFICATION in industry,MANAGEMENT science,1.0
DIVERSIFICATION in industry,ORGANIZATIONAL effectiveness,1.0
DIVERSIFICATION in industry,PENSION trusts,1.0
DIVERSIFICATION in industry,PERFORMANCE standards,1.0
DIVERSIFICATION in industry,PRODUCT management,1.0
DIVERSIFICATION in industry,STRATEGIC planning,2.0
DIVERSIFICATION in industry,TECHNOLOGICAL innovations,1.0
DIVISION of labor,INDUSTRIAL organization,1.0
DIVISION of labor,INDUSTRIAL psychology,1.0
DIVISION of labor,MANAGEMENT,1.0
DIVISION of labor,ORGANIZATIONAL behavior,1.0
DIVISION of labor,ORGANIZATIONAL change,1.0
DIVISION of labor,ORGANIZATIONAL effectiveness,1.0
DIVISION of labor,ORGANIZATIONAL goals,1.0
DIVISION of labor,ORGANIZATIONAL sociology,1.0
DIVISION of labor,SOCIAL psychology,1.0
DIVISION of labor,TEAMS in the workplace,1.0
DIVISION of labor,WORK environment,1.0
EMINENT domain,MINORITY stockholders,1.0
EMINENT domain,ORGANIZATIONAL effectiveness,1.0
EMINENT domain,ORGANIZATIONAL structure,1.0
EMINENT domain,PERFORMANCE,1.0
EMINENT domain,PROFIT,1.0
EMINENT domain,PROPERTY,1.0
EMINENT domain,STOCKHOLDERS,1.0
EMOTIONS (Psychology),EMPLOYEES -- Attitudes,1.0
EMOTIONS (Psychology),INTERPERSONAL relations,1.0
EMOTIONS (Psychology),JOB stress,1.0
EMOTIONS (Psychology),PEER review (Professional performance),1.0
EMOTIONS (Psychology),SOCIAL interaction,1.0
EMOTIONS (Psychology),SOCIAL psychology,1.0
EMOTIONS (Psychology),STRESS (Psychology),1.0
EMPLOYEE loyalty,EMPLOYEES -- Attitudes,1.0
EMPLOYEE loyalty,INDUSTRIAL relations,1.0
EMPLOYEE loyalty,LABOR organizing,1.0
EMPLOYEE loyalty,LABOR supply,1.0
EMPLOYEE loyalty,ORGANIZATIONAL behavior,1.0
EMPLOYEE loyalty,ORGANIZATIONAL commitment,1.0
EMPLOYEE loyalty,ORGANIZATIONAL structure,1.0
EMPLOYEE loyalty,PERSONNEL management,1.0
EMPLOYEE motivation,EMPLOYEES,1.0
EMPLOYEE motivation,EXECUTIVE ability (Management),2.0
EMPLOYEE motivation,"GALATEA, sea nymph (Greek deity)",1.0
EMPLOYEE motivation,GOAL setting in personnel management,1.0
EMPLOYEE motivation,INCENTIVES in industry,1.0
EMPLOYEE motivation,INDIVIDUAL differences,1.0
EMPLOYEE motivation,INDUSTRIAL management,2.0
EMPLOYEE motivation,INDUSTRIAL psychology,2.0
EMPLOYEE motivation,INDUSTRIAL relations,1.0
EMPLOYEE motivation,INNOVATION management,1.0
EMPLOYEE motivation,INTERPERSONAL relations,1.0
EMPLOYEE motivation,INTRINSIC motivation,1.0
EMPLOYEE motivation,JOB performance,1.0
EMPLOYEE motivation,JOB satisfaction,1.0
EMPLOYEE motivation,LEADERSHIP,3.0
EMPLOYEE motivation,MANAGEMENT,1.0
EMPLOYEE motivation,MANAGEMENT science,1.0
EMPLOYEE motivation,MANAGEMENT styles,1.0
EMPLOYEE motivation,MOTIVATION (Psychology),1.0
EMPLOYEE motivation,OCCUPATIONAL roles,1.0
EMPLOYEE motivation,ORGANIZATIONAL behavior,1.0
EMPLOYEE motivation,ORGANIZATIONAL change,1.0
EMPLOYEE motivation,ORGANIZATIONAL sociology,2.0
EMPLOYEE motivation,PERSONNEL management,2.0
EMPLOYEE motivation,PYGMALION (Greek mythology),1.0
EMPLOYEE motivation,REWARD (Psychology),1.0
EMPLOYEE motivation,SELF-congruence,1.0
EMPLOYEE motivation,SOCIAL exchange,1.0
EMPLOYEE motivation,TAIWANESE,1.0
EMPLOYEE motivation,TEAMS in the workplace,2.0
EMPLOYEE motivation,WORK environment -- Psychological aspects,1.0
EMPLOYEE ownership,FAMILY-owned business enterprises,1.0
EMPLOYEE ownership,INDUSTRIAL relations,1.0
EMPLOYEE ownership,ORGANIZATIONAL behavior,1.0
EMPLOYEE ownership,ORGANIZATIONAL structure,1.0
EMPLOYEE recruitment,EXECUTIVES -- Recruiting,1.0
EMPLOYEE recruitment,INTERORGANIZATIONAL networks,1.0
EMPLOYEE recruitment,INTERORGANIZATIONAL relations,1.0
EMPLOYEE recruitment,MANAGEMENT science,1.0
EMPLOYEE recruitment,ORGANIZATIONAL sociology,1.0
EMPLOYEE recruitment,PERSONNEL changes,1.0
EMPLOYEE recruitment,PERSONNEL management,1.0
EMPLOYEE recruitment,TEAMS in the workplace,1.0
EMPLOYEE rules,ERROR rates,1.0
EMPLOYEE rules,HUMAN error,1.0
EMPLOYEE rules,INDUSTRIAL management,1.0
EMPLOYEE rules,INDUSTRIAL psychology,1.0
EMPLOYEE rules,ORGANIZATIONAL behavior,1.0
EMPLOYEE rules,ORGANIZATIONAL change,1.0
EMPLOYEE rules,ORGANIZATIONAL research,1.0
EMPLOYEE rules,PERSONNEL management,1.0
EMPLOYEE rules,RISK,1.0
EMPLOYEE selection,EMPLOYMENT in foreign countries,1.0
EMPLOYEE selection,EXECUTIVES -- Recruiting,1.0
EMPLOYEE selection,FOREIGN subsidiaries -- Management,1.0
EMPLOYEE selection,HOST countries (Business),1.0
EMPLOYEE selection,INTERNATIONAL business enterprises -- Management,1.0
EMPLOYEE selection,ORGANIZATIONAL behavior,1.0
EMPLOYEE selection,ORGANIZATIONAL sociology,1.0
EMPLOYEE selection,PERSONNEL management,1.0
EMPLOYEE selection,RESOURCE-based theory of the firm,1.0
EMPLOYEE selection,SUBSIDIARY corporations -- Management,1.0
EMPLOYEE stock options,EXECUTIVE compensation,1.0
EMPLOYEE stock options,ORGANIZATIONAL effectiveness,1.0
EMPLOYEE stock options,ORGANIZATIONAL structure,1.0
EMPLOYEE stock options,RISK management in business,1.0
EMPLOYEE stock options,STOCK options,1.0
EMPLOYEE stock options,STOCK ownership,1.0
EMPLOYEE stock options,STOCKS (Finance),1.0
EMPLOYEES,INDUSTRIAL relations,1.0
EMPLOYEES,INNOVATION management,1.0
EMPLOYEES,JUSTICE,1.0
EMPLOYEES,MEDIATION,1.0
EMPLOYEES,ORGANIZATIONAL behavior,1.0
EMPLOYEES,ORGANIZATIONAL effectiveness,1.0
EMPLOYEES,PERSONNEL management,1.0
EMPLOYEES,RESOURCE allocation,1.0
EMPLOYEES,SUPERVISORS,1.0
EMPLOYEES,TAIWANESE,1.0
EMPLOYEES,UNITED States -- National Guard,1.0
EMPLOYEES -- Attitudes,INDIVIDUAL differences,1.0
EMPLOYEES -- Attitudes,INDUSTRIAL relations,2.0
EMPLOYEES -- Attitudes,INTERPERSONAL relations,2.0
EMPLOYEES -- Attitudes,JOB stress,1.0
EMPLOYEES -- Attitudes,LABOR organizing,1.0
EMPLOYEES -- Attitudes,LABOR supply,1.0
EMPLOYEES -- Attitudes,MANAGEMENT science,1.0
EMPLOYEES -- Attitudes,ORGANIZATIONAL behavior,2.0
EMPLOYEES -- Attitudes,ORGANIZATIONAL commitment,1.0
EMPLOYEES -- Attitudes,ORGANIZATIONAL justice,1.0
EMPLOYEES -- Attitudes,ORGANIZATIONAL structure,2.0
EMPLOYEES -- Attitudes,PEER review (Professional performance),1.0
EMPLOYEES -- Attitudes,PERSONNEL management,1.0
EMPLOYEES -- Attitudes,PROBLEM employees,1.0
EMPLOYEES -- Attitudes,SOCIAL context,1.0
EMPLOYEES -- Attitudes,SOCIAL influence,1.0
EMPLOYEES -- Attitudes,SOCIAL interaction,1.0
EMPLOYEES -- Attitudes,SOCIAL psychology,2.0
EMPLOYEES -- Attitudes,STRESS (Psychology),1.0
EMPLOYEES -- Attitudes,TEAMS in the workplace,1.0
EMPLOYEES -- Attitudes,VIOLENCE,1.0
EMPLOYEES -- Attitudes,VIOLENCE in the workplace,1.0
EMPLOYEES -- Attitudes,WORK attitudes,1.0
EMPLOYEES -- Attitudes,WORK environment,2.0
EMPLOYEES -- Attitudes -- Research,GENEROSITY,1.0
EMPLOYEES -- Attitudes -- Research,INTERPERSONAL relations,1.0
EMPLOYEES -- Attitudes -- Research,LABOR productivity,1.0
EMPLOYEES -- Attitudes -- Research,ORGANIZATIONAL behavior,1.0
EMPLOYEES -- Attitudes -- Research,PERSONNEL management,1.0
EMPLOYEES -- Attitudes -- Research,SOCIAL exchange,1.0
EMPLOYEES -- Attitudes -- Research,SOCIAL factors,1.0
EMPLOYEES -- Attitudes -- Research,SOCIAL status,1.0
EMPLOYEES -- Rating of,MANAGEMENT research,1.0
EMPLOYEES -- Rating of,MANAGEMENT science,1.0
EMPLOYEES -- Rating of,ORGANIZATIONAL effectiveness,1.0
EMPLOYEES -- Rating of,PERFORMANCE standards,1.0
EMPLOYEES -- Rating of,PRODUCT management,1.0
EMPLOYEES -- Rating of,STRATEGIC planning,1.0
EMPLOYMENT in foreign countries,EXECUTIVES -- Recruiting,1.0
EMPLOYMENT in foreign countries,FOREIGN subsidiaries -- Management,1.0
EMPLOYMENT in foreign countries,HOST countries (Business),1.0
EMPLOYMENT in foreign countries,INTERNATIONAL business enterprises -- Management,1.0
EMPLOYMENT in foreign countries,ORGANIZATIONAL behavior,1.0
EMPLOYMENT in foreign countries,ORGANIZATIONAL sociology,1.0
EMPLOYMENT in foreign countries,PERSONNEL management,1.0
EMPLOYMENT in foreign countries,RESOURCE-based theory of the firm,1.0
EMPLOYMENT in foreign countries,SUBSIDIARY corporations -- Management,1.0
ENTREPRENEURSHIP,GOING public (Securities),1.0
ENTREPRENEURSHIP,INFRASTRUCTURE (Economics),1.0
ENTREPRENEURSHIP,INVESTMENTS,1.0
ENTREPRENEURSHIP,ORGANIZATIONAL effectiveness,1.0
ENTREPRENEURSHIP,RESOURCE management,1.0
ENTREPRENEURSHIP,SOCIAL capital (Sociology),1.0
ENTREPRENEURSHIP,VENTURE capital,1.0
EQUITY,FINANCIAL performance,1.0
EQUITY,META-analysis,1.0
EQUITY,ORGANIZATIONAL behavior,1.0
EQUITY,ORGANIZATIONAL effectiveness,1.0
EQUITY,ORGANIZATIONAL research,1.0
EQUITY,ORGANIZATIONAL sociology,1.0
EQUITY,PERFORMANCE,1.0
EQUITY,PSYCHOMETRICS,1.0
ERROR rates,HUMAN error,1.0
ERROR rates,INDUSTRIAL management,1.0
ERROR rates,INDUSTRIAL psychology,1.0
ERROR rates,ORGANIZATIONAL behavior,1.0
ERROR rates,ORGANIZATIONAL change,1.0
ERROR rates,ORGANIZATIONAL research,1.0
ERROR rates,PERSONNEL management,1.0
ERROR rates,RISK,1.0
EXECUTIVE ability (Management),EXECUTIVE compensation,1.0
EXECUTIVE ability (Management),EXECUTIVE succession,1.0
EXECUTIVE ability (Management),EXECUTIVES,1.0
EXECUTIVE ability (Management),EXECUTIVES -- Recruiting,1.0
EXECUTIVE ability (Management),HUMAN capital,1.0
EXECUTIVE ability (Management),INCENTIVES in industry,1.0
EXECUTIVE ability (Management),INDIVIDUAL differences,1.0
EXECUTIVE ability (Management),INDUSTRIAL psychology,1.0
EXECUTIVE ability (Management),INDUSTRIAL relations,1.0
EXECUTIVE ability (Management),INTRINSIC motivation,1.0
EXECUTIVE ability (Management),JOB qualifications,1.0
EXECUTIVE ability (Management),JOB satisfaction,1.0
EXECUTIVE ability (Management),LABOR economics,1.0
EXECUTIVE ability (Management),LEADERSHIP,3.0
EXECUTIVE ability (Management),MANAGEMENT,1.0
EXECUTIVE ability (Management),MANAGEMENT -- Employee participation,1.0
EXECUTIVE ability (Management),MANAGEMENT research,1.0
EXECUTIVE ability (Management),MANAGEMENT science,4.0
EXECUTIVE ability (Management),MANAGEMENT styles,1.0
EXECUTIVE ability (Management),MOTIVATION (Psychology),1.0
EXECUTIVE ability (Management),ORGANIZATIONAL behavior,2.0
EXECUTIVE ability (Management),ORGANIZATIONAL change,2.0
EXECUTIVE ability (Management),ORGANIZATIONAL effectiveness,1.0
EXECUTIVE ability (Management),PERSONNEL changes,1.0
EXECUTIVE ability (Management),PERSONNEL management,1.0
EXECUTIVE ability (Management),SELF-congruence,1.0
EXECUTIVE ability (Management),SELF-management (Psychology),1.0
EXECUTIVE ability (Management),STOCK repurchasing,1.0
EXECUTIVE ability (Management),STOCKHOLDERS wealth,1.0
EXECUTIVE ability (Management),STRATEGIC planning,3.0
EXECUTIVE ability (Management),SUCCESSION planning,1.0
EXECUTIVE ability (Management),TASK analysis,1.0
EXECUTIVE ability (Management),TEAMS in the workplace,1.0
EXECUTIVE ability (Management),WAGES,1.0
EXECUTIVE ability (Management),WORK environment -- Psychological aspects,1.0
EXECUTIVE compensation,FAMILY-owned business enterprises,1.0
EXECUTIVE compensation,GOING public (Securities),1.0
EXECUTIVE compensation,HUMAN capital,1.0
EXECUTIVE compensation,INCENTIVES in industry,1.0
EXECUTIVE compensation,LABOR economics,1.0
EXECUTIVE compensation,MANAGEMENT science,1.0
EXECUTIVE compensation,MUNICIPAL corporations,1.0
EXECUTIVE compensation,OPTIONS (Finance),1.0
EXECUTIVE compensation,ORGANIZATIONAL behavior,1.0
EXECUTIVE compensation,ORGANIZATIONAL effectiveness,1.0
EXECUTIVE compensation,ORGANIZATIONAL structure,2.0
EXECUTIVE compensation,PERSONNEL management,1.0
EXECUTIVE compensation,RESEARCH & development,1.0
EXECUTIVE compensation,RISK,1.0
EXECUTIVE compensation,RISK management in business,1.0
EXECUTIVE compensation,STOCK options,2.0
EXECUTIVE compensation,STOCK ownership,1.0
EXECUTIVE compensation,STOCKS (Finance),1.0
EXECUTIVE compensation,WAGES,1.0
EXECUTIVE succession,EXECUTIVES -- Dismissal of,1.0
EXECUTIVE succession,EXECUTIVES -- Recruiting,1.0
EXECUTIVE succession,HUMAN capital,1.0
EXECUTIVE succession,JOB qualifications,1.0
EXECUTIVE succession,LABOR economics,1.0
EXECUTIVE succession,LABOR turnover,1.0
EXECUTIVE succession,MANAGEMENT research,1.0
EXECUTIVE succession,MANAGEMENT science,1.0
EXECUTIVE succession,ORGANIZATIONAL behavior,1.0
EXECUTIVE succession,ORGANIZATIONAL change,1.0
EXECUTIVE succession,ORGANIZATIONAL effectiveness,1.0
EXECUTIVE succession,PERSONNEL changes,1.0
EXECUTIVE succession,STRATEGIC planning,1.0
EXECUTIVE succession,SUCCESSION planning,1.0
EXECUTIVES,HIGH technology industries,1.0
EXECUTIVES,INCENTIVES in industry,1.0
EXECUTIVES,INDUSTRIAL management,1.0
EXECUTIVES,NEW products,1.0
EXECUTIVES,ORGANIZATIONAL behavior,1.0
EXECUTIVES,ORGANIZATIONAL effectiveness,1.0
EXECUTIVES,STOCK repurchasing,1.0
EXECUTIVES,STOCKHOLDERS wealth,1.0
EXECUTIVES,STRATEGIC planning,1.0
EXECUTIVES -- Dismissal of,HUMAN capital,1.0
EXECUTIVES -- Dismissal of,LABOR economics,1.0
EXECUTIVES -- Dismissal of,LABOR turnover,1.0
EXECUTIVES -- Dismissal of,ORGANIZATIONAL behavior,1.0
EXECUTIVES -- Dismissal of,ORGANIZATIONAL effectiveness,1.0
EXECUTIVES -- Recruiting,FOREIGN subsidiaries -- Management,1.0
EXECUTIVES -- Recruiting,HOST countries (Business),1.0
EXECUTIVES -- Recruiting,INTERNATIONAL business enterprises -- Management,1.0
EXECUTIVES -- Recruiting,INTERORGANIZATIONAL networks,1.0
EXECUTIVES -- Recruiting,INTERORGANIZATIONAL relations,1.0
EXECUTIVES -- Recruiting,JOB qualifications,1.0
EXECUTIVES -- Recruiting,MANAGEMENT research,1.0
EXECUTIVES -- Recruiting,MANAGEMENT science,2.0
EXECUTIVES -- Recruiting,ORGANIZATIONAL behavior,1.0
EXECUTIVES -- Recruiting,ORGANIZATIONAL change,1.0
EXECUTIVES -- Recruiting,ORGANIZATIONAL sociology,2.0
EXECUTIVES -- Recruiting,PERSONNEL changes,2.0
EXECUTIVES -- Recruiting,PERSONNEL management,2.0
EXECUTIVES -- Recruiting,RESOURCE-based theory of the firm,1.0
EXECUTIVES -- Recruiting,STRATEGIC planning,1.0
EXECUTIVES -- Recruiting,SUBSIDIARY corporations -- Management,1.0
EXECUTIVES -- Recruiting,SUCCESSION planning,1.0
EXECUTIVES -- Recruiting,TEAMS in the workplace,1.0
FAMILY-owned business enterprises,INDUSTRIAL relations,1.0
FAMILY-owned business enterprises,MUNICIPAL corporations,1.0
FAMILY-owned business enterprises,ORGANIZATIONAL behavior,2.0
FAMILY-owned business enterprises,ORGANIZATIONAL structure,2.0
FAMILY-owned business enterprises,RESEARCH & development,1.0
FAMILY-owned business enterprises,RISK,1.0
FINANCIAL management,FINANCIAL performance,1.0
FINANCIAL management,HOSPITALS -- Administration,1.0
FINANCIAL management,INDUSTRIAL efficiency,1.0
FINANCIAL management,INDUSTRIAL management,1.0
FINANCIAL management,MANAGEMENT,1.0
FINANCIAL management,ORGANIZATIONAL behavior,1.0
FINANCIAL management,ORGANIZATIONAL effectiveness,1.0
FINANCIAL management,PERSONNEL management,1.0
FINANCIAL management,RESOURCE management,1.0
FINANCIAL management,WAGE payment systems,1.0
FINANCIAL performance,HOSPITALS -- Administration,1.0
FINANCIAL performance,INDUSTRIAL efficiency,1.0
FINANCIAL performance,INDUSTRIAL management,1.0
FINANCIAL performance,MANAGEMENT,1.0
FINANCIAL performance,META-analysis,1.0
FINANCIAL performance,ORGANIZATIONAL behavior,2.0
FINANCIAL performance,ORGANIZATIONAL effectiveness,2.0
FINANCIAL performance,ORGANIZATIONAL research,1.0
FINANCIAL performance,ORGANIZATIONAL sociology,1.0
FINANCIAL performance,PERFORMANCE,1.0
FINANCIAL performance,PERSONNEL management,1.0
FINANCIAL performance,PSYCHOMETRICS,1.0
FINANCIAL performance,RESOURCE management,1.0
FINANCIAL performance,WAGE payment systems,1.0
FOREIGN investments,GLOBALIZATION,1.0
FOREIGN investments,HIGH technology,1.0
FOREIGN investments,INNOVATION adoption,1.0
FOREIGN investments,INSTITUTIONAL investors,1.0
FOREIGN investments,INTERNATIONAL business enterprises,1.0
FOREIGN investments,PENSION trusts,1.0
FOREIGN investments,STRATEGIC planning,1.0
FOREIGN investments,TECHNOLOGICAL innovations,1.0
FOREIGN subsidiaries -- Management,HOST countries (Business),1.0
FOREIGN subsidiaries -- Management,INTERNATIONAL business enterprises -- Management,1.0
FOREIGN subsidiaries -- Management,ORGANIZATIONAL behavior,1.0
FOREIGN subsidiaries -- Management,ORGANIZATIONAL sociology,1.0
FOREIGN subsidiaries -- Management,PERSONNEL management,1.0
FOREIGN subsidiaries -- Management,RESOURCE-based theory of the firm,1.0
FOREIGN subsidiaries -- Management,SUBSIDIARY corporations -- Management,1.0
"GALATEA, sea nymph (Greek deity)",INDUSTRIAL management,1.0
"GALATEA, sea nymph (Greek deity)",INTERPERSONAL relations,1.0
"GALATEA, sea nymph (Greek deity)",LEADERSHIP,1.0
"GALATEA, sea nymph (Greek deity)",OCCUPATIONAL roles,1.0
"GALATEA, sea nymph (Greek deity)",ORGANIZATIONAL sociology,1.0
"GALATEA, sea nymph (Greek deity)",PYGMALION (Greek mythology),1.0
"GALATEA, sea nymph (Greek deity)",SOCIAL exchange,1.0
"GALATEA, sea nymph (Greek deity)",TEAMS in the workplace,1.0
GENEROSITY,INTERPERSONAL relations,1.0
GENEROSITY,LABOR productivity,1.0
GENEROSITY,ORGANIZATIONAL behavior,1.0
GENEROSITY,PERSONNEL management,1.0
GENEROSITY,SOCIAL exchange,1.0
GENEROSITY,SOCIAL factors,1.0
GENEROSITY,SOCIAL status,1.0
GLOBALIZATION,HIGH technology,1.0
GLOBALIZATION,INNOVATION adoption,1.0
GLOBALIZATION,INSTITUTIONAL investors,1.0
GLOBALIZATION,INTERNATIONAL business enterprises,1.0
GLOBALIZATION,PENSION trusts,1.0
GLOBALIZATION,STRATEGIC planning,1.0
GLOBALIZATION,TECHNOLOGICAL innovations,1.0
GOAL setting in personnel management,INCENTIVES in industry,1.0
GOAL setting in personnel management,INDUSTRIAL management,1.0
GOAL setting in personnel management,INDUSTRIAL psychology,1.0
GOAL setting in personnel management,JOB performance,1.0
GOAL setting in personnel management,ORGANIZATIONAL sociology,1.0
GOAL setting in personnel management,PERSONNEL management,1.0
GOAL setting in personnel management,REWARD (Psychology),1.0
GOAL setting in personnel management,TEAMS in the workplace,1.0
GOING public (Securities),INCENTIVES in industry,1.0
GOING public (Securities),INFRASTRUCTURE (Economics),1.0
GOING public (Securities),INVESTMENTS,1.0
GOING public (Securities),MASS media,1.0
GOING public (Securities),MATHEMATICAL statistics,1.0
GOING public (Securities),OPTIONS (Finance),1.0
GOING public (Securities),ORGANIZATIONAL effectiveness,1.0
GOING public (Securities),PUBLIC companies,1.0
GOING public (Securities),RESOURCE management,1.0
GOING public (Securities),SOCIAL capital (Sociology),1.0
GOING public (Securities),STOCK options,1.0
GOING public (Securities),STOCKHOLDERS -- Attitudes,1.0
GOING public (Securities),TURNOVER (Business),1.0
GOING public (Securities),VENTURE capital,1.0
GROUP decision making,GROUP identity,1.0
GROUP decision making,INTELLECTUAL capital,1.0
GROUP decision making,INTERGROUP relations,1.0
GROUP decision making,INTERORGANIZATIONAL networks,1.0
GROUP decision making,INTERORGANIZATIONAL relations,1.0
GROUP decision making,INVESTMENTS,1.0
GROUP decision making,KNOWLEDGE management,1.0
GROUP decision making,MANAGEMENT,2.0
GROUP decision making,MANAGEMENT science,1.0
GROUP decision making,ORGANIZATIONAL behavior,2.0
GROUP decision making,ORGANIZATIONAL effectiveness,1.0
GROUP decision making,ORGANIZATIONAL sociology,1.0
GROUP decision making,ORGANIZATIONAL structure,1.0
GROUP decision making,PERFORMANCE,1.0
GROUP decision making,PERSONNEL management,1.0
GROUP decision making,STRATEGIC business units,1.0
GROUP decision making,SUPPLY chains,1.0
GROUP decision making,TEAMS in the workplace,2.0
GROUP decision making,WORKFLOW,1.0
GROUP identity,MANAGEMENT,1.0
GROUP identity,ORGANIZATIONAL behavior,1.0
GROUP identity,ORGANIZATIONAL effectiveness,1.0
GROUP identity,ORGANIZATIONAL sociology,1.0
GROUP identity,ORGANIZATIONAL structure,1.0
GROUP identity,PERFORMANCE,1.0
GROUP identity,PERSONNEL management,1.0
GROUP identity,TEAMS in the workplace,1.0
HIGH technology,INNOVATION adoption,1.0
HIGH technology,INSTITUTIONAL investors,1.0
HIGH technology,INTERNATIONAL business enterprises,1.0
HIGH technology,PENSION trusts,1.0
HIGH technology,STRATEGIC planning,1.0
HIGH technology,TECHNOLOGICAL innovations,1.0
HIGH technology industries,INDUSTRIAL management,1.0
HIGH technology industries,NEW products,1.0
HOSPITALS -- Administration,INDUSTRIAL efficiency,1.0
HOSPITALS -- Administration,INDUSTRIAL management,1.0
HOSPITALS -- Administration,MANAGEMENT,1.0
HOSPITALS -- Administration,ORGANIZATIONAL behavior,1.0
HOSPITALS -- Administration,ORGANIZATIONAL effectiveness,1.0
HOSPITALS -- Administration,PERSONNEL management,1.0
HOSPITALS -- Administration,RESOURCE management,1.0
HOSPITALS -- Administration,WAGE payment systems,1.0
HOST countries (Business),INTERNATIONAL business enterprises -- Management,1.0
HOST countries (Business),ORGANIZATIONAL behavior,1.0
HOST countries (Business),ORGANIZATIONAL sociology,1.0
HOST countries (Business),PERSONNEL management,1.0
HOST countries (Business),RESOURCE-based theory of the firm,1.0
HOST countries (Business),SUBSIDIARY corporations -- Management,1.0
HUMAN capital,LABOR economics,2.0
HUMAN capital,LABOR turnover,1.0
HUMAN capital,MANAGEMENT science,1.0
HUMAN capital,ORGANIZATIONAL behavior,1.0
HUMAN capital,ORGANIZATIONAL effectiveness,1.0
HUMAN capital,PERSONNEL management,1.0
HUMAN capital,WAGES,1.0
HUMAN capital -- Management,INDUSTRIAL efficiency,1.0
HUMAN capital -- Management,INDUSTRIAL management,1.0
HUMAN capital -- Management,INTELLECTUAL capital,1.0
HUMAN capital -- Management,PERSONNEL management,1.0
HUMAN capital -- Management,RESOURCE management,1.0
HUMAN capital -- Management,RESOURCE-based theory of the firm,1.0
HUMAN capital -- Management,SOCIAL networks,1.0
HUMAN capital -- Management,STRATEGIC planning,1.0
HUMAN error,INDUSTRIAL management,1.0
HUMAN error,INDUSTRIAL psychology,1.0
HUMAN error,ORGANIZATIONAL behavior,1.0
HUMAN error,ORGANIZATIONAL change,1.0
HUMAN error,ORGANIZATIONAL research,1.0
HUMAN error,PERSONNEL management,1.0
HUMAN error,RISK,1.0
HUMAN resource accounting,MANAGEMENT science,1.0
HUMAN resource accounting,ORGANIZATIONAL behavior,1.0
HUMAN resource accounting,PERSONNEL management,1.0
HUMAN resource accounting,QUALITY of work life,1.0
HUMAN resource accounting,STOCKHOLDERS,1.0
HUMAN resource accounting,STOCKS (Finance) -- Prices,1.0
HUMAN resource accounting,WOMEN -- Employment,1.0
HUMAN resource accounting,WOMEN employees,1.0
HUMAN resource accounting,WORK & family,1.0
INCENTIVES in industry,INDUSTRIAL management,1.0
INCENTIVES in industry,INDUSTRIAL psychology,1.0
INCENTIVES in industry,INVESTMENTS,1.0
INCENTIVES in industry,JOB performance,1.0
INCENTIVES in industry,OPTIONS (Finance),1.0
INCENTIVES in industry,ORGANIZATIONAL behavior,1.0
INCENTIVES in industry,ORGANIZATIONAL effectiveness,1.0
INCENTIVES in industry,ORGANIZATIONAL sociology,2.0
INCENTIVES in industry,ORGANIZATIONAL structure,1.0
INCENTIVES in industry,PERSONNEL management,1.0
INCENTIVES in industry,PROPERTY,1.0
INCENTIVES in industry,RESEARCH & development,1.0
INCENTIVES in industry,REWARD (Psychology),1.0
INCENTIVES in industry,STEWARDS,1.0
INCENTIVES in industry,STOCK options,1.0
INCENTIVES in industry,STOCK repurchasing,1.0
INCENTIVES in industry,STOCKHOLDERS wealth,1.0
INCENTIVES in industry,STRATEGIC planning,1.0
INCENTIVES in industry,TEAMS in the workplace,1.0
INDIVIDUAL differences,INDUSTRIAL relations,1.0
INDIVIDUAL differences,INTERPERSONAL relations,1.0
INDIVIDUAL differences,INTRINSIC motivation,1.0
INDIVIDUAL differences,LEADERSHIP,1.0
INDIVIDUAL differences,MANAGEMENT,1.0
INDIVIDUAL differences,ORGANIZATIONAL behavior,2.0
INDIVIDUAL differences,ORGANIZATIONAL change,1.0
INDIVIDUAL differences,ORGANIZATIONAL structure,1.0
INDIVIDUAL differences,SOCIAL context,1.0
INDIVIDUAL differences,SOCIAL influence,1.0
INDIVIDUAL differences,TEAMS in the workplace,1.0
INDIVIDUAL differences,WORK environment,1.0
INDIVIDUAL differences,WORK environment -- Psychological aspects,1.0
INDUSTRIAL efficiency,INDUSTRIAL management,2.0
INDUSTRIAL efficiency,INTELLECTUAL capital,1.0
INDUSTRIAL efficiency,MANAGEMENT,1.0
INDUSTRIAL efficiency,ORGANIZATIONAL behavior,1.0
INDUSTRIAL efficiency,ORGANIZATIONAL effectiveness,1.0
INDUSTRIAL efficiency,PERSONNEL management,2.0
INDUSTRIAL efficiency,RESOURCE management,2.0
INDUSTRIAL efficiency,RESOURCE-based theory of the firm,1.0
INDUSTRIAL efficiency,SOCIAL networks,1.0
INDUSTRIAL efficiency,STRATEGIC planning,1.0
INDUSTRIAL efficiency,WAGE payment systems,1.0
INDUSTRIAL management,INDUSTRIAL psychology,2.0
INDUSTRIAL management,INNOVATION management,1.0
INDUSTRIAL management,INNOVATIONS in business,1.0
INDUSTRIAL management,INSTITUTIONAL investors,1.0
INDUSTRIAL management,INTELLECTUAL capital,1.0
INDUSTRIAL management,INTERPERSONAL relations,1.0
INDUSTRIAL management,JOB performance,1.0
INDUSTRIAL management,LABOR process,1.0
INDUSTRIAL management,LEADERSHIP,1.0
INDUSTRIAL management,MANAGEMENT,1.0
INDUSTRIAL management,MARKETING strategy,1.0
INDUSTRIAL management,NEW products,2.0
INDUSTRIAL management,OCCUPATIONAL roles,1.0
INDUSTRIAL management,ORGANIZATIONAL behavior,5.0
INDUSTRIAL management,ORGANIZATIONAL change,2.0
INDUSTRIAL management,ORGANIZATIONAL effectiveness,2.0
INDUSTRIAL management,ORGANIZATIONAL research,1.0
INDUSTRIAL management,ORGANIZATIONAL sociology,2.0
INDUSTRIAL management,ORGANIZATIONAL structure,1.0
INDUSTRIAL management,PERSONNEL management,4.0
INDUSTRIAL management,PRODUCTION management,1.0
INDUSTRIAL management,PYGMALION (Greek mythology),1.0
INDUSTRIAL management,RESEARCH & development,1.0
INDUSTRIAL management,RESOURCE management,2.0
INDUSTRIAL management,RESOURCE-based theory of the firm,1.0
INDUSTRIAL management,REWARD (Psychology),1.0
INDUSTRIAL management,RISK,1.0
INDUSTRIAL management,SERVICE industries -- Management,1.0
INDUSTRIAL management,SHIPBUILDING industry,1.0
INDUSTRIAL management,SOCIAL exchange,1.0
INDUSTRIAL management,SOCIAL networks,1.0
INDUSTRIAL management,STOCKHOLDERS wealth,1.0
INDUSTRIAL management,STRATEGIC planning,2.0
INDUSTRIAL management,SUCCESS in business,1.0
INDUSTRIAL management,TEAMS in the workplace,2.0
INDUSTRIAL management,TECHNOLOGICAL innovations -- Economic aspects,1.0
INDUSTRIAL management,WAGE payment systems,1.0
INDUSTRIAL management,WAGES,1.0
INDUSTRIAL organization,INDUSTRIAL psychology,1.0
INDUSTRIAL organization,INTERGROUP relations,1.0
INDUSTRIAL organization,INTERORGANIZATIONAL relations,1.0
INDUSTRIAL organization,MANAGEMENT,1.0
INDUSTRIAL organization,ORGANIZATIONAL behavior,2.0
INDUSTRIAL organization,ORGANIZATIONAL change,1.0
INDUSTRIAL organization,ORGANIZATIONAL effectiveness,2.0
INDUSTRIAL organization,ORGANIZATIONAL goals,1.0
INDUSTRIAL organization,ORGANIZATIONAL sociology,1.0
INDUSTRIAL organization,ORGANIZATIONAL structure,1.0
INDUSTRIAL organization,SOCIAL psychology,1.0
INDUSTRIAL organization,STRATEGIC alliances (Business),1.0
INDUSTRIAL organization,SUPPLIERS,1.0
INDUSTRIAL organization,TEAMS in the workplace,1.0
INDUSTRIAL organization,WORK environment,1.0
INDUSTRIAL psychology,INTRINSIC motivation,1.0
INDUSTRIAL psychology,JOB performance,1.0
INDUSTRIAL psychology,JOB qualifications,1.0
INDUSTRIAL psychology,JOB satisfaction,1.0
INDUSTRIAL psychology,JOB stress,1.0
INDUSTRIAL psychology,LEADERSHIP,1.0
INDUSTRIAL psychology,MANAGEMENT,1.0
INDUSTRIAL psychology,MANAGEMENT science,2.0
INDUSTRIAL psychology,MANAGEMENT styles,1.0
INDUSTRIAL psychology,MENTAL fatigue,1.0
INDUSTRIAL psychology,MOTIVATION (Psychology),2.0
INDUSTRIAL psychology,ORGANIZATIONAL behavior,3.0
INDUSTRIAL psychology,ORGANIZATIONAL change,2.0
INDUSTRIAL psychology,ORGANIZATIONAL effectiveness,2.0
INDUSTRIAL psychology,ORGANIZATIONAL goals,1.0
INDUSTRIAL psychology,ORGANIZATIONAL research,1.0
INDUSTRIAL psychology,ORGANIZATIONAL sociology,2.0
INDUSTRIAL psychology,PERSONNEL management,3.0
INDUSTRIAL psychology,REWARD (Psychology),1.0
INDUSTRIAL psychology,RISK,1.0
INDUSTRIAL psychology,SELF-congruence,1.0
INDUSTRIAL psychology,SOCIAL networks,1.0
INDUSTRIAL psychology,SOCIAL psychology,1.0
INDUSTRIAL psychology,TEAMS in the workplace,2.0
INDUSTRIAL psychology,WORK environment,1.0
INDUSTRIAL relations,INTRINSIC motivation,1.0
INDUSTRIAL relations,JUSTICE,1.0
INDUSTRIAL relations,LABOR organizing,1.0
INDUSTRIAL relations,LABOR supply,1.0
INDUSTRIAL relations,LEADERSHIP,1.0
INDUSTRIAL relations,MANAGEMENT,1.0
INDUSTRIAL relations,MANAGEMENT science,2.0
INDUSTRIAL relations,MEDIATION,1.0
INDUSTRIAL relations,ORGANIZATIONAL behavior,5.0
INDUSTRIAL relations,ORGANIZATIONAL change,2.0
INDUSTRIAL relations,ORGANIZATIONAL commitment,1.0
INDUSTRIAL relations,ORGANIZATIONAL effectiveness,1.0
INDUSTRIAL relations,ORGANIZATIONAL justice,1.0
INDUSTRIAL relations,ORGANIZATIONAL research,1.0
INDUSTRIAL relations,ORGANIZATIONAL sociology,1.0
INDUSTRIAL relations,ORGANIZATIONAL structure,3.0
INDUSTRIAL relations,PERSONNEL management,1.0
INDUSTRIAL relations,PROBLEM employees,1.0
INDUSTRIAL relations,PUNCTUATED equilibrium (Evolution),1.0
INDUSTRIAL relations,RESOURCE allocation,1.0
INDUSTRIAL relations,SOCIAL psychology,1.0
INDUSTRIAL relations,SUPERVISORS,1.0
INDUSTRIAL relations,UNITED States -- National Guard,1.0
INDUSTRIAL relations,VIOLENCE,1.0
INDUSTRIAL relations,VIOLENCE in the workplace,1.0
INDUSTRIAL relations,WORK attitudes,1.0
INDUSTRIAL relations,WORK environment,1.0
INDUSTRIAL relations,WORK environment -- Psychological aspects,1.0
INFORMATION resources management,KNOWLEDGE management,1.0
INFORMATION resources management,MANAGEMENT information systems,1.0
INFORMATION resources management,MANAGEMENT science,1.0
INFORMATION resources management,ORGANIZATIONAL behavior,1.0
INFORMATION resources management,RESEARCH & development,1.0
INFORMATION resources management,RESEARCH & development contracts,1.0
INFORMATION resources management,TRANSACTION costs,1.0
INFRASTRUCTURE (Economics),INVESTMENTS,1.0
INFRASTRUCTURE (Economics),ORGANIZATIONAL effectiveness,1.0
INFRASTRUCTURE (Economics),RESOURCE management,1.0
INFRASTRUCTURE (Economics),SOCIAL capital (Sociology),1.0
INFRASTRUCTURE (Economics),VENTURE capital,1.0
INNOVATION adoption,INSTITUTIONAL investors,1.0
INNOVATION adoption,INTERNATIONAL business enterprises,1.0
INNOVATION adoption,PENSION trusts,1.0
INNOVATION adoption,STRATEGIC planning,1.0
INNOVATION adoption,TECHNOLOGICAL innovations,1.0
INNOVATION management,INNOVATIONS in business,1.0
INNOVATION management,ORGANIZATIONAL behavior,1.0
INNOVATION management,ORGANIZATIONAL change,1.0
INNOVATION management,PERSONNEL management,1.0
INNOVATION management,RESEARCH & development,1.0
INNOVATION management,SHIPBUILDING industry,1.0
INNOVATION management,SUCCESS in business,1.0
INNOVATION management,TAIWANESE,1.0
INNOVATION management,TECHNOLOGICAL innovations -- Economic aspects,1.0
INNOVATIONS in business,ORGANIZATIONAL behavior,1.0
INNOVATIONS in business,ORGANIZATIONAL change,1.0
INNOVATIONS in business,RESEARCH & development,1.0
INNOVATIONS in business,SHIPBUILDING industry,1.0
INNOVATIONS in business,SUCCESS in business,1.0
INNOVATIONS in business,TECHNOLOGICAL innovations -- Economic aspects,1.0
INSTITUTIONAL investors,INTERNATIONAL business enterprises,1.0
INSTITUTIONAL investors,NEW products,1.0
INSTITUTIONAL investors,ORGANIZATIONAL behavior,1.0
INSTITUTIONAL investors,ORGANIZATIONAL effectiveness,1.0
INSTITUTIONAL investors,ORGANIZATIONAL structure,1.0
INSTITUTIONAL investors,PENSION trusts,1.0
INSTITUTIONAL investors,STOCKHOLDERS wealth,1.0
INSTITUTIONAL investors,STRATEGIC planning,1.0
INSTITUTIONAL investors,TECHNOLOGICAL innovations,1.0
INSTITUTIONAL investors,WAGES,1.0
INTELLECTUAL capital,INTERGROUP relations,1.0
INTELLECTUAL capital,INTERORGANIZATIONAL networks,1.0
INTELLECTUAL capital,INTERORGANIZATIONAL relations,1.0
INTELLECTUAL capital,INVESTMENTS,1.0
INTELLECTUAL capital,KNOWLEDGE management,1.0
INTELLECTUAL capital,PERSONNEL management,1.0
INTELLECTUAL capital,RESOURCE management,1.0
INTELLECTUAL capital,RESOURCE-based theory of the firm,1.0
INTELLECTUAL capital,SOCIAL networks,1.0
INTELLECTUAL capital,STRATEGIC planning,1.0
INTELLECTUAL capital,SUPPLY chains,1.0
INTERGROUP relations,INTERORGANIZATIONAL networks,1.0
INTERGROUP relations,INTERORGANIZATIONAL relations,2.0
INTERGROUP relations,INVESTMENTS,1.0
INTERGROUP relations,KNOWLEDGE management,1.0
INTERGROUP relations,ORGANIZATIONAL behavior,1.0
INTERGROUP relations,ORGANIZATIONAL effectiveness,1.0
INTERGROUP relations,ORGANIZATIONAL structure,1.0
INTERGROUP relations,STRATEGIC alliances (Business),1.0
INTERGROUP relations,SUPPLIERS,1.0
INTERGROUP relations,SUPPLY chains,1.0
INTERNATIONAL business enterprises,PENSION trusts,1.0
INTERNATIONAL business enterprises,STRATEGIC planning,1.0
INTERNATIONAL business enterprises,TECHNOLOGICAL innovations,1.0
INTERNATIONAL business enterprises -- Management,ORGANIZATIONAL behavior,1.0
INTERNATIONAL business enterprises -- Management,ORGANIZATIONAL sociology,1.0
INTERNATIONAL business enterprises -- Management,PERSONNEL management,1.0
INTERNATIONAL business enterprises -- Management,RESOURCE-based theory of the firm,1.0
INTERNATIONAL business enterprises -- Management,SUBSIDIARY corporations -- Management,1.0
INTERORGANIZATIONAL networks,INTERORGANIZATIONAL relations,2.0
INTERORGANIZATIONAL networks,INVESTMENTS,1.0
INTERORGANIZATIONAL networks,KNOWLEDGE management,1.0
INTERORGANIZATIONAL networks,MANAGEMENT science,1.0
INTERORGANIZATIONAL networks,ORGANIZATIONAL sociology,1.0
INTERORGANIZATIONAL networks,PERSONNEL changes,1.0
INTERORGANIZATIONAL networks,PERSONNEL management,1.0
INTERORGANIZATIONAL networks,SUPPLY chains,1.0
INTERORGANIZATIONAL networks,TEAMS in the workplace,1.0
INTERORGANIZATIONAL relations,INVESTMENTS,1.0
INTERORGANIZATIONAL relations,KNOWLEDGE management,1.0
INTERORGANIZATIONAL relations,MANAGEMENT science,1.0
INTERORGANIZATIONAL relations,ORGANIZATIONAL behavior,1.0
INTERORGANIZATIONAL relations,ORGANIZATIONAL effectiveness,1.0
INTERORGANIZATIONAL relations,ORGANIZATIONAL sociology,1.0
INTERORGANIZATIONAL relations,ORGANIZATIONAL structure,1.0
INTERORGANIZATIONAL relations,PERSONNEL changes,1.0
INTERORGANIZATIONAL relations,PERSONNEL management,1.0
INTERORGANIZATIONAL relations,STRATEGIC alliances (Business),1.0
INTERORGANIZATIONAL relations,SUPPLIERS,1.0
INTERORGANIZATIONAL relations,SUPPLY chains,1.0
INTERORGANIZATIONAL relations,TEAMS in the workplace,1.0
INTERPERSONAL relations,JOB stress,1.0
INTERPERSONAL relations,LABOR productivity,1.0
INTERPERSONAL relations,LEADERSHIP,1.0
INTERPERSONAL relations,OCCUPATIONAL roles,1.0
INTERPERSONAL relations,ORGANIZATIONAL behavior,2.0
INTERPERSONAL relations,ORGANIZATIONAL sociology,1.0
INTERPERSONAL relations,ORGANIZATIONAL structure,1.0
INTERPERSONAL relations,PEER review (Professional performance),1.0
INTERPERSONAL relations,PERSONNEL management,1.0
INTERPERSONAL relations,PYGMALION (Greek mythology),1.0
INTERPERSONAL relations,SOCIAL context,1.0
INTERPERSONAL relations,SOCIAL exchange,2.0
INTERPERSONAL relations,SOCIAL factors,1.0
INTERPERSONAL relations,SOCIAL influence,1.0
INTERPERSONAL relations,SOCIAL interaction,1.0
INTERPERSONAL relations,SOCIAL psychology,1.0
INTERPERSONAL relations,SOCIAL status,1.0
INTERPERSONAL relations,STRESS (Psychology),1.0
INTERPERSONAL relations,TEAMS in the workplace,2.0
INTERPERSONAL relations,WORK environment,1.0
INTRINSIC motivation,JOB qualifications,1.0
INTRINSIC motivation,JOB stress,1.0
INTRINSIC motivation,LEADERSHIP,1.0
INTRINSIC motivation,MANAGEMENT,1.0
INTRINSIC motivation,MANAGEMENT science,1.0
INTRINSIC motivation,MENTAL fatigue,1.0
INTRINSIC motivation,MOTIVATION (Psychology),1.0
INTRINSIC motivation,ORGANIZATIONAL behavior,2.0
INTRINSIC motivation,ORGANIZATIONAL change,1.0
INTRINSIC motivation,ORGANIZATIONAL effectiveness,1.0
INTRINSIC motivation,PERSONNEL management,1.0
INTRINSIC motivation,SOCIAL networks,1.0
INTRINSIC motivation,WORK environment -- Psychological aspects,1.0
INVESTMENTS,KNOWLEDGE management,1.0
INVESTMENTS,ORGANIZATIONAL effectiveness,1.0
INVESTMENTS,ORGANIZATIONAL sociology,1.0
INVESTMENTS,ORGANIZATIONAL structure,1.0
INVESTMENTS,PROPERTY,1.0
INVESTMENTS,RESEARCH & development,1.0
INVESTMENTS,RESOURCE management,1.0
INVESTMENTS,SOCIAL capital (Sociology),1.0
INVESTMENTS,STEWARDS,1.0
INVESTMENTS,SUPPLY chains,1.0
INVESTMENTS,VENTURE capital,1.0
JOB performance,ORGANIZATIONAL sociology,1.0
JOB performance,PERSONNEL management,1.0
JOB performance,REWARD (Psychology),1.0
JOB performance,TEAMS in the workplace,1.0
JOB qualifications,JOB stress,1.0
JOB qualifications,MANAGEMENT research,1.0
JOB qualifications,MANAGEMENT science,2.0
JOB qualifications,MENTAL fatigue,1.0
JOB qualifications,MOTIVATION (Psychology),1.0
JOB qualifications,ORGANIZATIONAL behavior,1.0
JOB qualifications,ORGANIZATIONAL change,1.0
JOB qualifications,ORGANIZATIONAL effectiveness,1.0
JOB qualifications,PERSONNEL changes,1.0
JOB qualifications,PERSONNEL management,1.0
JOB qualifications,SOCIAL networks,1.0
JOB qualifications,STRATEGIC planning,1.0
JOB qualifications,SUCCESSION planning,1.0
JOB satisfaction,LEADERSHIP,1.0
JOB satisfaction,MANAGEMENT science,1.0
JOB satisfaction,MANAGEMENT styles,1.0
JOB satisfaction,MARKETING management,1.0
JOB satisfaction,MOTIVATION (Psychology),1.0
JOB satisfaction,MULTILEVEL marketing,1.0
JOB satisfaction,ORGANIZATIONAL behavior,1.0
JOB satisfaction,ORGANIZATIONAL commitment,1.0
JOB satisfaction,ORGANIZATIONAL effectiveness,1.0
JOB satisfaction,ORGANIZATIONAL sociology,1.0
JOB satisfaction,ORGANIZATIONAL structure,1.0
JOB satisfaction,QUALITY of work life,1.0
JOB satisfaction,SELF-congruence,1.0
JOB stress,MANAGEMENT science,1.0
JOB stress,MENTAL fatigue,1.0
JOB stress,MOTIVATION (Psychology),1.0
JOB stress,ORGANIZATIONAL behavior,1.0
JOB stress,ORGANIZATIONAL effectiveness,1.0
JOB stress,PEER review (Professional performance),1.0
JOB stress,PERSONNEL management,1.0
JOB stress,SOCIAL interaction,1.0
JOB stress,SOCIAL networks,1.0
JOB stress,SOCIAL psychology,1.0
JOB stress,STRESS (Psychology),1.0
JUSTICE,MEDIATION,1.0
JUSTICE,ORGANIZATIONAL behavior,1.0
JUSTICE,ORGANIZATIONAL effectiveness,1.0
JUSTICE,RESOURCE allocation,1.0
JUSTICE,SUPERVISORS,1.0
JUSTICE,UNITED States -- National Guard,1.0
KNOWLEDGE management,MANAGEMENT information systems,1.0
KNOWLEDGE management,MANAGEMENT science,1.0
KNOWLEDGE management,ORGANIZATIONAL behavior,1.0
KNOWLEDGE management,RESEARCH & development,1.0
KNOWLEDGE management,RESEARCH & development contracts,1.0
KNOWLEDGE management,SUPPLY chains,1.0
KNOWLEDGE management,TRANSACTION costs,1.0
LABOR economics,LABOR turnover,1.0
LABOR economics,MANAGEMENT science,1.0
LABOR economics,ORGANIZATIONAL behavior,1.0
LABOR economics,ORGANIZATIONAL effectiveness,1.0
LABOR economics,PERSONNEL management,1.0
LABOR economics,WAGES,1.0
LABOR organizing,LABOR supply,1.0
LABOR organizing,ORGANIZATIONAL behavior,1.0
LABOR organizing,ORGANIZATIONAL commitment,1.0
LABOR organizing,ORGANIZATIONAL structure,1.0
LABOR organizing,PERSONNEL management,1.0
LABOR process,MARKETING strategy,1.0
LABOR process,ORGANIZATIONAL behavior,1.0
LABOR process,PRODUCTION management,1.0
LABOR process,SERVICE industries -- Management,1.0
LABOR process,STRATEGIC planning,1.0
LABOR productivity,ORGANIZATIONAL behavior,1.0
LABOR productivity,PERSONNEL management,1.0
LABOR productivity,SOCIAL exchange,1.0
LABOR productivity,SOCIAL factors,1.0
LABOR productivity,SOCIAL status,1.0
LABOR supply,ORGANIZATIONAL behavior,1.0
LABOR supply,ORGANIZATIONAL commitment,1.0
LABOR supply,ORGANIZATIONAL structure,1.0
LABOR supply,PERSONNEL management,1.0
LABOR turnover,ORGANIZATIONAL behavior,1.0
LABOR turnover,ORGANIZATIONAL effectiveness,1.0
LEADERSHIP,MANAGEMENT,1.0
LEADERSHIP,MANAGEMENT -- Employee participation,1.0
LEADERSHIP,MANAGEMENT science,2.0
LEADERSHIP,MANAGEMENT styles,1.0
LEADERSHIP,MOTIVATION (Psychology),1.0
LEADERSHIP,OCCUPATIONAL roles,1.0
LEADERSHIP,ORGANIZATIONAL behavior,1.0
LEADERSHIP,ORGANIZATIONAL change,1.0
LEADERSHIP,ORGANIZATIONAL sociology,1.0
LEADERSHIP,PYGMALION (Greek mythology),1.0
LEADERSHIP,SELF-congruence,1.0
LEADERSHIP,SELF-management (Psychology),1.0
LEADERSHIP,SOCIAL exchange,1.0
LEADERSHIP,STRATEGIC planning,1.0
LEADERSHIP,TASK analysis,1.0
LEADERSHIP,TEAMS in the workplace,2.0
LEADERSHIP,WORK environment -- Psychological aspects,1.0
MANAGEMENT,MANAGEMENT science,1.0
MANAGEMENT,ORGANIZATIONAL behavior,5.0
MANAGEMENT,ORGANIZATIONAL change,2.0
MANAGEMENT,ORGANIZATIONAL effectiveness,3.0
MANAGEMENT,ORGANIZATIONAL goals,1.0
MANAGEMENT,ORGANIZATIONAL sociology,2.0
MANAGEMENT,ORGANIZATIONAL structure,1.0
MANAGEMENT,PERFORMANCE,1.0
MANAGEMENT,PERSONNEL management,2.0
MANAGEMENT,RESOURCE management,1.0
MANAGEMENT,SOCIAL psychology,1.0
MANAGEMENT,STRATEGIC business units,1.0
MANAGEMENT,TEAMS in the workplace,3.0
MANAGEMENT,WAGE payment systems,1.0
MANAGEMENT,WORK environment,1.0
MANAGEMENT,WORK environment -- Psychological aspects,1.0
MANAGEMENT,WORKFLOW,1.0
MANAGEMENT -- Employee participation,MANAGEMENT science,1.0
MANAGEMENT -- Employee participation,SELF-management (Psychology),1.0
MANAGEMENT -- Employee participation,STRATEGIC planning,1.0
MANAGEMENT -- Employee participation,TASK analysis,1.0
MANAGEMENT -- Employee participation,TEAMS in the workplace,1.0
MANAGEMENT information systems,MANAGEMENT science,1.0
MANAGEMENT information systems,ORGANIZATIONAL behavior,1.0
MANAGEMENT information systems,RESEARCH & development,1.0
MANAGEMENT information systems,RESEARCH & development contracts,1.0
MANAGEMENT information systems,TRANSACTION costs,1.0
MANAGEMENT research,MANAGEMENT science,2.0
MANAGEMENT research,ORGANIZATIONAL change,1.0
MANAGEMENT research,ORGANIZATIONAL effectiveness,1.0
MANAGEMENT research,PERFORMANCE standards,1.0
MANAGEMENT research,PERSONNEL changes,1.0
MANAGEMENT research,PRODUCT management,1.0
MANAGEMENT research,STRATEGIC planning,2.0
MANAGEMENT research,SUCCESSION planning,1.0
MANAGEMENT science,MANAGEMENT styles,1.0
MANAGEMENT science,MARKETING management,1.0
MANAGEMENT science,MENTAL fatigue,1.0
MANAGEMENT science,MOTION picture authorship,1.0
MANAGEMENT science,MOTIVATION (Psychology),2.0
MANAGEMENT science,NEW products,1.0
MANAGEMENT science,ORGANIZATIONAL behavior,7.0
MANAGEMENT science,ORGANIZATIONAL change,2.0
MANAGEMENT science,ORGANIZATIONAL effectiveness,2.0
MANAGEMENT science,ORGANIZATIONAL justice,1.0
MANAGEMENT science,ORGANIZATIONAL research,1.0
MANAGEMENT science,ORGANIZATIONAL sociology,2.0
MANAGEMENT science,ORGANIZATIONAL structure,1.0
MANAGEMENT science,PERFORMANCE standards,1.0
MANAGEMENT science,PERSONNEL changes,2.0
MANAGEMENT science,PERSONNEL management,4.0
MANAGEMENT science,PROBLEM employees,1.0
MANAGEMENT science,PROBLEM solving,1.0
MANAGEMENT science,PRODUCT design,1.0
MANAGEMENT science,PRODUCT information management,1.0
MANAGEMENT science,PRODUCT lines,1.0
MANAGEMENT science,PRODUCT management,2.0
MANAGEMENT science,PUNCTUATED equilibrium (Evolution),1.0
MANAGEMENT science,QUALITY of products,2.0
MANAGEMENT science,QUALITY of work life,1.0
MANAGEMENT science,RESEARCH & development,1.0
MANAGEMENT science,RESEARCH & development contracts,1.0
MANAGEMENT science,SCREENWRITERS,1.0
MANAGEMENT science,SELF-congruence,1.0
MANAGEMENT science,SELF-management (Psychology),1.0
MANAGEMENT science,SELF-perception,1.0
MANAGEMENT science,SOCIAL judgment theory (Communication),1.0
MANAGEMENT science,SOCIAL networks,1.0
MANAGEMENT science,SOCIAL psychology,1.0
MANAGEMENT science,STOCKHOLDERS,1.0
MANAGEMENT science,STOCKS (Finance) -- Prices,1.0
MANAGEMENT science,STRATEGIC business units,1.0
MANAGEMENT science,STRATEGIC planning,3.0
MANAGEMENT science,SUCCESSION planning,1.0
MANAGEMENT science,TASK analysis,1.0
MANAGEMENT science,TEAMS in the workplace,3.0
MANAGEMENT science,TRANSACTION costs,1.0
MANAGEMENT science,VIOLENCE,1.0
MANAGEMENT science,VIOLENCE in the workplace,1.0
MANAGEMENT science,WAGES,1.0
MANAGEMENT science,WOMEN -- Employment,1.0
MANAGEMENT science,WOMEN employees,1.0
MANAGEMENT science,WORK & family,1.0
MANAGEMENT science,WORK attitudes,1.0
MANAGEMENT science,WORK environment,1.0
MANAGEMENT science,WORKFLOW,1.0
MANAGEMENT styles,MOTIVATION (Psychology),1.0
MANAGEMENT styles,SELF-congruence,1.0
MARKETING,MARKETING -- Decision making,1.0
MARKETING,NEW products,1.0
MARKETING,PERFORMANCE evaluation,1.0
MARKETING,PRODUCT design,1.0
MARKETING,PRODUCT management,1.0
MARKETING,RESEARCH & development,1.0
MARKETING,STRATEGIC planning,1.0
MARKETING -- Decision making,NEW products,1.0
MARKETING -- Decision making,PERFORMANCE evaluation,1.0
MARKETING -- Decision making,PRODUCT design,1.0
MARKETING -- Decision making,PRODUCT management,1.0
MARKETING -- Decision making,RESEARCH & development,1.0
MARKETING -- Decision making,STRATEGIC planning,1.0
MARKETING management,MULTILEVEL marketing,1.0
MARKETING management,NEW products,1.0
MARKETING management,ORGANIZATIONAL behavior,2.0
MARKETING management,ORGANIZATIONAL commitment,1.0
MARKETING management,ORGANIZATIONAL effectiveness,1.0
MARKETING management,ORGANIZATIONAL sociology,1.0
MARKETING management,ORGANIZATIONAL structure,1.0
MARKETING management,PROBLEM solving,1.0
MARKETING management,PRODUCT design,1.0
MARKETING management,PRODUCT information management,1.0
MARKETING management,PRODUCT lines,1.0
MARKETING management,PRODUCT management,1.0
MARKETING management,QUALITY of products,1.0
MARKETING management,QUALITY of work life,1.0
MARKETING strategy,ORGANIZATIONAL behavior,1.0
MARKETING strategy,PRODUCTION management,1.0
MARKETING strategy,SERVICE industries -- Management,1.0
MARKETING strategy,STRATEGIC planning,1.0
MASS media,MATHEMATICAL statistics,1.0
MASS media,PUBLIC companies,1.0
MASS media,STOCKHOLDERS -- Attitudes,1.0
MASS media,TURNOVER (Business),1.0
MATHEMATICAL statistics,PUBLIC companies,1.0
MATHEMATICAL statistics,STOCKHOLDERS -- Attitudes,1.0
MATHEMATICAL statistics,TURNOVER (Business),1.0
MEDIATION,ORGANIZATIONAL behavior,1.0
MEDIATION,ORGANIZATIONAL effectiveness,1.0
MEDIATION,RESOURCE allocation,1.0
MEDIATION,SUPERVISORS,1.0
MEDIATION,UNITED States -- National Guard,1.0
MENTAL fatigue,MOTIVATION (Psychology),1.0
MENTAL fatigue,ORGANIZATIONAL behavior,1.0
MENTAL fatigue,ORGANIZATIONAL effectiveness,1.0
MENTAL fatigue,PERSONNEL management,1.0
MENTAL fatigue,SOCIAL networks,1.0
META-analysis,ORGANIZATIONAL behavior,1.0
META-analysis,ORGANIZATIONAL effectiveness,1.0
META-analysis,ORGANIZATIONAL research,1.0
META-analysis,ORGANIZATIONAL sociology,1.0
META-analysis,PERFORMANCE,1.0
META-analysis,PSYCHOMETRICS,1.0
MINORITY stockholders,ORGANIZATIONAL effectiveness,1.0
MINORITY stockholders,ORGANIZATIONAL structure,1.0
MINORITY stockholders,PERFORMANCE,1.0
MINORITY stockholders,PROFIT,1.0
MINORITY stockholders,PROPERTY,1.0
MINORITY stockholders,STOCKHOLDERS,1.0
MOTION picture authorship,ORGANIZATIONAL behavior,1.0
MOTION picture authorship,QUALITY of products,1.0
MOTION picture authorship,SCREENWRITERS,1.0
MOTION picture authorship,SELF-perception,1.0
MOTION picture authorship,SOCIAL judgment theory (Communication),1.0
MOTIVATION (Psychology),ORGANIZATIONAL behavior,1.0
MOTIVATION (Psychology),ORGANIZATIONAL effectiveness,1.0
MOTIVATION (Psychology),PERSONNEL management,1.0
MOTIVATION (Psychology),SELF-congruence,1.0
MOTIVATION (Psychology),SOCIAL networks,1.0
MULTILEVEL marketing,ORGANIZATIONAL behavior,1.0
MULTILEVEL marketing,ORGANIZATIONAL commitment,1.0
MULTILEVEL marketing,ORGANIZATIONAL effectiveness,1.0
MULTILEVEL marketing,ORGANIZATIONAL sociology,1.0
MULTILEVEL marketing,ORGANIZATIONAL structure,1.0
MULTILEVEL marketing,QUALITY of work life,1.0
MUNICIPAL corporations,ORGANIZATIONAL behavior,1.0
MUNICIPAL corporations,ORGANIZATIONAL structure,1.0
MUNICIPAL corporations,RESEARCH & development,1.0
MUNICIPAL corporations,RISK,1.0
NEW products,ORGANIZATIONAL behavior,2.0
NEW products,ORGANIZATIONAL effectiveness,1.0
NEW products,ORGANIZATIONAL structure,1.0
NEW products,PERFORMANCE evaluation,1.0
NEW products,PROBLEM solving,1.0
NEW products,PRODUCT design,2.0
NEW products,PRODUCT information management,1.0
NEW products,PRODUCT lines,1.0
NEW products,PRODUCT management,2.0
NEW products,QUALITY of products,1.0
NEW products,RESEARCH & development,1.0
NEW products,STOCKHOLDERS wealth,1.0
NEW products,STRATEGIC planning,1.0
NEW products,WAGES,1.0
OCCUPATIONAL roles,ORGANIZATIONAL sociology,1.0
OCCUPATIONAL roles,PYGMALION (Greek mythology),1.0
OCCUPATIONAL roles,SOCIAL exchange,1.0
OCCUPATIONAL roles,TEAMS in the workplace,1.0
OPTIONS (Finance),STOCK options,1.0
ORGANIZATIONAL behavior,ORGANIZATIONAL change,5.0
ORGANIZATIONAL behavior,ORGANIZATIONAL commitment,2.0
ORGANIZATIONAL behavior,ORGANIZATIONAL effectiveness,11.0
ORGANIZATIONAL behavior,ORGANIZATIONAL goals,1.0
ORGANIZATIONAL behavior,ORGANIZATIONAL research,3.0
ORGANIZATIONAL behavior,ORGANIZATIONAL sociology,6.0
ORGANIZATIONAL behavior,ORGANIZATIONAL structure,9.0
ORGANIZATIONAL behavior,PERFORMANCE,2.0
ORGANIZATIONAL behavior,PERSONNEL management,8.0
ORGANIZATIONAL behavior,PROBLEM solving,1.0
ORGANIZATIONAL behavior,PRODUCT design,1.0
ORGANIZATIONAL behavior,PRODUCT information management,1.0
ORGANIZATIONAL behavior,PRODUCT lines,1.0
ORGANIZATIONAL behavior,PRODUCT management,1.0
ORGANIZATIONAL behavior,PRODUCTION management,1.0
ORGANIZATIONAL behavior,PSYCHOMETRICS,1.0
ORGANIZATIONAL behavior,PUNCTUATED equilibrium (Evolution),1.0
ORGANIZATIONAL behavior,QUALITY of products,2.0
ORGANIZATIONAL behavior,QUALITY of work life,2.0
ORGANIZATIONAL behavior,RESEARCH & development,3.0
ORGANIZATIONAL behavior,RESEARCH & development contracts,1.0
ORGANIZATIONAL behavior,RESOURCE allocation,1.0
ORGANIZATIONAL behavior,RESOURCE management,1.0
ORGANIZATIONAL behavior,RESOURCE-based theory of the firm,1.0
ORGANIZATIONAL behavior,RISK,2.0
ORGANIZATIONAL behavior,SCREENWRITERS,1.0
ORGANIZATIONAL behavior,SELF-perception,1.0
ORGANIZATIONAL behavior,SERVICE industries -- Management,1.0
ORGANIZATIONAL behavior,SHIPBUILDING industry,1.0
ORGANIZATIONAL behavior,SOCIAL context,1.0
ORGANIZATIONAL behavior,SOCIAL exchange,1.0
ORGANIZATIONAL behavior,SOCIAL factors,1.0
ORGANIZATIONAL behavior,SOCIAL influence,1.0
ORGANIZATIONAL behavior,SOCIAL judgment theory (Communication),1.0
ORGANIZATIONAL behavior,SOCIAL networks,1.0
ORGANIZATIONAL behavior,SOCIAL psychology,1.0
ORGANIZATIONAL behavior,SOCIAL status,1.0
ORGANIZATIONAL behavior,STOCK repurchasing,1.0
ORGANIZATIONAL behavior,STOCKHOLDERS,1.0
ORGANIZATIONAL behavior,STOCKHOLDERS wealth,2.0
ORGANIZATIONAL behavior,STOCKS (Finance) -- Prices,1.0
ORGANIZATIONAL behavior,STRATEGIC alliances (Business),1.0
ORGANIZATIONAL behavior,STRATEGIC business units,1.0
ORGANIZATIONAL behavior,STRATEGIC planning,2.0
ORGANIZATIONAL behavior,SUBSIDIARY corporations -- Management,1.0
ORGANIZATIONAL behavior,SUCCESS in business,1.0
ORGANIZATIONAL behavior,SUPERVISORS,1.0
ORGANIZATIONAL behavior,SUPPLIERS,1.0
ORGANIZATIONAL behavior,TEAMS in the workplace,4.0
ORGANIZATIONAL behavior,TECHNOLOGICAL innovations -- Economic aspects,1.0
ORGANIZATIONAL behavior,TRANSACTION costs,1.0
ORGANIZATIONAL behavior,UNITED States -- National Guard,1.0
ORGANIZATIONAL behavior,WAGE payment systems,1.0
ORGANIZATIONAL behavior,WAGES,1.0
ORGANIZATIONAL behavior,WOMEN -- Employment,1.0
ORGANIZATIONAL behavior,WOMEN employees,1.0
ORGANIZATIONAL behavior,WORK & family,1.0
ORGANIZATIONAL behavior,WORK environment,2.0
ORGANIZATIONAL behavior,WORK environment -- Psychological aspects,1.0
ORGANIZATIONAL behavior,WORKFLOW,1.0
ORGANIZATIONAL change,ORGANIZATIONAL effectiveness,1.0
ORGANIZATIONAL change,ORGANIZATIONAL goals,1.0
ORGANIZATIONAL change,ORGANIZATIONAL research,2.0
ORGANIZATIONAL change,ORGANIZATIONAL sociology,2.0
ORGANIZATIONAL change,ORGANIZATIONAL structure,1.0
ORGANIZATIONAL change,PERSONNEL changes,1.0
ORGANIZATIONAL change,PERSONNEL management,1.0
ORGANIZATIONAL change,PUNCTUATED equilibrium (Evolution),1.0
ORGANIZATIONAL change,RESEARCH & development,1.0
ORGANIZATIONAL change,RISK,1.0
ORGANIZATIONAL change,SHIPBUILDING industry,1.0
ORGANIZATIONAL change,SOCIAL psychology,1.0
ORGANIZATIONAL change,STRATEGIC planning,1.0
ORGANIZATIONAL change,SUCCESS in business,1.0
ORGANIZATIONAL change,SUCCESSION planning,1.0
ORGANIZATIONAL change,TEAMS in the workplace,1.0
ORGANIZATIONAL change,TECHNOLOGICAL innovations -- Economic aspects,1.0
ORGANIZATIONAL change,WORK environment,1.0
ORGANIZATIONAL change,WORK environment -- Psychological aspects,1.0
ORGANIZATIONAL commitment,ORGANIZATIONAL effectiveness,1.0
ORGANIZATIONAL commitment,ORGANIZATIONAL sociology,1.0
ORGANIZATIONAL commitment,ORGANIZATIONAL structure,2.0
ORGANIZATIONAL commitment,PERSONNEL management,1.0
ORGANIZATIONAL commitment,QUALITY of work life,1.0
ORGANIZATIONAL effectiveness,ORGANIZATIONAL goals,1.0
ORGANIZATIONAL effectiveness,ORGANIZATIONAL research,1.0
ORGANIZATIONAL effectiveness,ORGANIZATIONAL sociology,4.0
ORGANIZATIONAL effectiveness,ORGANIZATIONAL structure,6.0
ORGANIZATIONAL effectiveness,PERFORMANCE,3.0
ORGANIZATIONAL effectiveness,PERFORMANCE standards,1.0
ORGANIZATIONAL effectiveness,PERSONNEL management,3.0
ORGANIZATIONAL effectiveness,PRODUCT management,1.0
ORGANIZATIONAL effectiveness,PROFIT,1.0
ORGANIZATIONAL effectiveness,PROPERTY,1.0
ORGANIZATIONAL effectiveness,PSYCHOMETRICS,1.0
ORGANIZATIONAL effectiveness,QUALITY of work life,1.0
ORGANIZATIONAL effectiveness,RESOURCE allocation,1.0
ORGANIZATIONAL effectiveness,RESOURCE management,2.0
ORGANIZATIONAL effectiveness,RISK management in business,1.0
ORGANIZATIONAL effectiveness,SOCIAL capital (Sociology),1.0
ORGANIZATIONAL effectiveness,SOCIAL networks,1.0
ORGANIZATIONAL effectiveness,SOCIAL psychology,1.0
ORGANIZATIONAL effectiveness,STOCK options,1.0
ORGANIZATIONAL effectiveness,STOCK ownership,1.0
ORGANIZATIONAL effectiveness,STOCK repurchasing,1.0
ORGANIZATIONAL effectiveness,STOCKHOLDERS,1.0
ORGANIZATIONAL effectiveness,STOCKHOLDERS wealth,2.0
ORGANIZATIONAL effectiveness,STOCKS (Finance),1.0
ORGANIZATIONAL effectiveness,STRATEGIC alliances (Business),1.0
ORGANIZATIONAL effectiveness,STRATEGIC planning,2.0
ORGANIZATIONAL effectiveness,SUPERVISORS,1.0
ORGANIZATIONAL effectiveness,SUPPLIERS,1.0
ORGANIZATIONAL effectiveness,TEAMS in the workplace,2.0
ORGANIZATIONAL effectiveness,UNITED States -- National Guard,1.0
ORGANIZATIONAL effectiveness,VENTURE capital,1.0
ORGANIZATIONAL effectiveness,WAGE payment systems,1.0
ORGANIZATIONAL effectiveness,WAGES,1.0
ORGANIZATIONAL effectiveness,WORK environment,1.0
ORGANIZATIONAL goals,ORGANIZATIONAL sociology,1.0
ORGANIZATIONAL goals,SOCIAL psychology,1.0
ORGANIZATIONAL goals,TEAMS in the workplace,1.0
ORGANIZATIONAL goals,WORK environment,1.0
ORGANIZATIONAL justice,PROBLEM employees,1.0
ORGANIZATIONAL justice,SOCIAL psychology,1.0
ORGANIZATIONAL justice,VIOLENCE,1.0
ORGANIZATIONAL justice,VIOLENCE in the workplace,1.0
ORGANIZATIONAL justice,WORK attitudes,1.0
ORGANIZATIONAL justice,WORK environment,1.0
ORGANIZATIONAL research,ORGANIZATIONAL sociology,2.0
ORGANIZATIONAL research,ORGANIZATIONAL structure,1.0
ORGANIZATIONAL research,PERFORMANCE,1.0
ORGANIZATIONAL research,PERSONNEL management,1.0
ORGANIZATIONAL research,PSYCHOMETRICS,1.0
ORGANIZATIONAL research,PUNCTUATED equilibrium (Evolution),1.0
ORGANIZATIONAL research,RISK,1.0
ORGANIZATIONAL sociology,ORGANIZATIONAL structure,4.0
ORGANIZATIONAL sociology,PERFORMANCE,2.0
ORGANIZATIONAL sociology,PERSONNEL changes,1.0
ORGANIZATIONAL sociology,PERSONNEL management,4.0
ORGANIZATIONAL sociology,PROPERTY,1.0
ORGANIZATIONAL sociology,PSYCHOMETRICS,1.0
ORGANIZATIONAL sociology,PUNCTUATED equilibrium (Evolution),1.0
ORGANIZATIONAL sociology,PYGMALION (Greek mythology),1.0
ORGANIZATIONAL sociology,QUALITY of work life,1.0
ORGANIZATIONAL sociology,RESEARCH & development,1.0
ORGANIZATIONAL sociology,RESOURCE-based theory of the firm,1.0
ORGANIZATIONAL sociology,REWARD (Psychology),1.0
ORGANIZATIONAL sociology,SOCIAL exchange,1.0
ORGANIZATIONAL sociology,SOCIAL psychology,1.0
ORGANIZATIONAL sociology,STEWARDS,1.0
ORGANIZATIONAL sociology,SUBSIDIARY corporations -- Management,1.0
ORGANIZATIONAL sociology,TEAMS in the workplace,5.0
ORGANIZATIONAL sociology,WORK environment,1.0
ORGANIZATIONAL structure,PERFORMANCE,2.0
ORGANIZATIONAL structure,PERSONNEL management,2.0
ORGANIZATIONAL structure,PROFIT,1.0
ORGANIZATIONAL structure,PROPERTY,2.0
ORGANIZATIONAL structure,PUNCTUATED equilibrium (Evolution),1.0
ORGANIZATIONAL structure,QUALITY of work life,1.0
ORGANIZATIONAL structure,RESEARCH & development,2.0
ORGANIZATIONAL structure,RISK,1.0
ORGANIZATIONAL structure,RISK management in business,1.0
ORGANIZATIONAL structure,SOCIAL context,1.0
ORGANIZATIONAL structure,SOCIAL influence,1.0
ORGANIZATIONAL structure,STEWARDS,1.0
ORGANIZATIONAL structure,STOCK options,1.0
ORGANIZATIONAL structure,STOCK ownership,1.0
ORGANIZATIONAL structure,STOCKHOLDERS,1.0
ORGANIZATIONAL structure,STOCKHOLDERS wealth,1.0
ORGANIZATIONAL structure,STOCKS (Finance),1.0
ORGANIZATIONAL structure,STRATEGIC alliances (Business),1.0
ORGANIZATIONAL structure,SUPPLIERS,1.0
ORGANIZATIONAL structure,TEAMS in the workplace,2.0
ORGANIZATIONAL structure,WAGES,1.0
ORGANIZATIONAL structure,WORK environment,1.0
PEER review (Professional performance),SOCIAL interaction,1.0
PEER review (Professional performance),SOCIAL psychology,1.0
PEER review (Professional performance),STRESS (Psychology),1.0
PENSION trusts,STRATEGIC planning,1.0
PENSION trusts,TECHNOLOGICAL innovations,1.0
PERFORMANCE,PERSONNEL management,1.0
PERFORMANCE,PROFIT,1.0
PERFORMANCE,PROPERTY,1.0
PERFORMANCE,PSYCHOMETRICS,1.0
PERFORMANCE,STOCKHOLDERS,1.0
PERFORMANCE,TEAMS in the workplace,1.0
PERFORMANCE evaluation,PRODUCT design,1.0
PERFORMANCE evaluation,PRODUCT management,1.0
PERFORMANCE evaluation,RESEARCH & development,1.0
PERFORMANCE evaluation,STRATEGIC planning,1.0
PERFORMANCE standards,PRODUCT management,1.0
PERFORMANCE standards,STRATEGIC planning,1.0
PERSONNEL changes,PERSONNEL management,1.0
PERSONNEL changes,STRATEGIC planning,1.0
PERSONNEL changes,SUCCESSION planning,1.0
PERSONNEL changes,TEAMS in the workplace,1.0
PERSONNEL management,QUALITY of work life,1.0
PERSONNEL management,RESOURCE management,2.0
PERSONNEL management,RESOURCE-based theory of the firm,2.0
PERSONNEL management,REWARD (Psychology),1.0
PERSONNEL management,RISK,1.0
PERSONNEL management,SOCIAL exchange,1.0
PERSONNEL management,SOCIAL factors,1.0
PERSONNEL management,SOCIAL networks,2.0
PERSONNEL management,SOCIAL status,1.0
PERSONNEL management,STOCKHOLDERS,1.0
PERSONNEL management,STOCKS (Finance) -- Prices,1.0
PERSONNEL management,STRATEGIC planning,1.0
PERSONNEL management,SUBSIDIARY corporations -- Management,1.0
PERSONNEL management,TAIWANESE,1.0
PERSONNEL management,TEAMS in the workplace,3.0
PERSONNEL management,WAGE payment systems,1.0
PERSONNEL management,WAGES,1.0
PERSONNEL management,WOMEN -- Employment,1.0
PERSONNEL management,WOMEN employees,1.0
PERSONNEL management,WORK & family,1.0
PROBLEM employees,SOCIAL psychology,1.0
PROBLEM employees,VIOLENCE,1.0
PROBLEM employees,VIOLENCE in the workplace,1.0
PROBLEM employees,WORK attitudes,1.0
PROBLEM employees,WORK environment,1.0
PROBLEM solving,PRODUCT design,1.0
PROBLEM solving,PRODUCT information management,1.0
PROBLEM solving,PRODUCT lines,1.0
PROBLEM solving,PRODUCT management,1.0
PROBLEM solving,QUALITY of products,1.0
PRODUCT design,PRODUCT information management,1.0
PRODUCT design,PRODUCT lines,1.0
PRODUCT design,PRODUCT management,2.0
PRODUCT design,QUALITY of products,1.0
PRODUCT design,RESEARCH & development,1.0
PRODUCT design,STRATEGIC planning,1.0
PRODUCT information management,PRODUCT lines,1.0
PRODUCT information management,PRODUCT management,1.0
PRODUCT information management,QUALITY of products,1.0
PRODUCT lines,PRODUCT management,1.0
PRODUCT lines,QUALITY of products,1.0
PRODUCT management,QUALITY of products,1.0
PRODUCT management,RESEARCH & development,1.0
PRODUCT management,STRATEGIC planning,2.0
PRODUCTION management,SERVICE industries -- Management,1.0
PRODUCTION management,STRATEGIC planning,1.0
PROFIT,PROPERTY,1.0
PROFIT,STOCKHOLDERS,1.0
PROPERTY,RESEARCH & development,1.0
PROPERTY,STEWARDS,1.0
PROPERTY,STOCKHOLDERS,1.0
PUBLIC companies,STOCKHOLDERS -- Attitudes,1.0
PUBLIC companies,TURNOVER (Business),1.0
PYGMALION (Greek mythology),SOCIAL exchange,1.0
PYGMALION (Greek mythology),TEAMS in the workplace,1.0
QUALITY of products,SCREENWRITERS,1.0
QUALITY of products,SELF-perception,1.0
QUALITY of products,SOCIAL judgment theory (Communication),1.0
QUALITY of work life,STOCKHOLDERS,1.0
QUALITY of work life,STOCKS (Finance) -- Prices,1.0
QUALITY of work life,WOMEN -- Employment,1.0
QUALITY of work life,WOMEN employees,1.0
QUALITY of work life,WORK & family,1.0
RESEARCH & development,RESEARCH & development contracts,1.0
RESEARCH & development,RISK,1.0
RESEARCH & development,SHIPBUILDING industry,1.0
RESEARCH & development,STEWARDS,1.0
RESEARCH & development,STRATEGIC planning,1.0
RESEARCH & development,SUCCESS in business,1.0
RESEARCH & development,TECHNOLOGICAL innovations -- Economic aspects,1.0
RESEARCH & development,TRANSACTION costs,1.0
RESEARCH & development contracts,TRANSACTION costs,1.0
RESOURCE allocation,SUPERVISORS,1.0
RESOURCE allocation,UNITED States -- National Guard,1.0
RESOURCE management,RESOURCE-based theory of the firm,1.0
RESOURCE management,SOCIAL capital (Sociology),1.0
RESOURCE management,SOCIAL networks,1.0
RESOURCE management,STRATEGIC planning,1.0
RESOURCE management,VENTURE capital,1.0
RESOURCE management,WAGE payment systems,1.0
RESOURCE-based theory of the firm,SOCIAL networks,1.0
RESOURCE-based theory of the firm,STRATEGIC planning,1.0
RESOURCE-based theory of the firm,SUBSIDIARY corporations -- Management,1.0
REWARD (Psychology),TEAMS in the workplace,1.0
RISK management in business,STOCK options,1.0
RISK management in business,STOCK ownership,1.0
RISK management in business,STOCKS (Finance),1.0
SCREENWRITERS,SELF-perception,1.0
SCREENWRITERS,SOCIAL judgment theory (Communication),1.0
SELF-management (Psychology),STRATEGIC planning,1.0
SELF-management (Psychology),TASK analysis,1.0
SELF-management (Psychology),TEAMS in the workplace,1.0
SELF-perception,SOCIAL judgment theory (Communication),1.0
SERVICE industries -- Management,STRATEGIC planning,1.0
SHIPBUILDING industry,SUCCESS in business,1.0
SHIPBUILDING industry,TECHNOLOGICAL innovations -- Economic aspects,1.0
SOCIAL capital (Sociology),VENTURE capital,1.0
SOCIAL context,SOCIAL influence,1.0
SOCIAL context,TEAMS in the workplace,1.0
SOCIAL context,WORK environment,1.0
SOCIAL exchange,SOCIAL factors,1.0
SOCIAL exchange,SOCIAL status,1.0
SOCIAL exchange,TEAMS in the workplace,1.0
SOCIAL factors,SOCIAL status,1.0
SOCIAL influence,TEAMS in the workplace,1.0
SOCIAL influence,WORK environment,1.0
SOCIAL interaction,SOCIAL psychology,1.0
SOCIAL interaction,STRESS (Psychology),1.0
SOCIAL networks,STRATEGIC planning,1.0
SOCIAL psychology,STRESS (Psychology),1.0
SOCIAL psychology,TEAMS in the workplace,1.0
SOCIAL psychology,VIOLENCE,1.0
SOCIAL psychology,VIOLENCE in the workplace,1.0
SOCIAL psychology,WORK attitudes,1.0
SOCIAL psychology,WORK environment,2.0
STOCK options,STOCK ownership,1.0
STOCK options,STOCKS (Finance),1.0
STOCK ownership,STOCKS (Finance),1.0
STOCK repurchasing,STOCKHOLDERS wealth,1.0
STOCK repurchasing,STRATEGIC planning,1.0
STOCKHOLDERS,STOCKS (Finance) -- Prices,1.0
STOCKHOLDERS,WOMEN -- Employment,1.0
STOCKHOLDERS,WOMEN employees,1.0
STOCKHOLDERS,WORK & family,1.0
STOCKHOLDERS -- Attitudes,TURNOVER (Business),1.0
STOCKHOLDERS wealth,STRATEGIC planning,1.0
STOCKHOLDERS wealth,WAGES,1.0
STOCKS (Finance) -- Prices,WOMEN -- Employment,1.0
STOCKS (Finance) -- Prices,WOMEN employees,1.0
STOCKS (Finance) -- Prices,WORK & family,1.0
STRATEGIC alliances (Business),SUPPLIERS,1.0
STRATEGIC business units,TEAMS in the workplace,1.0
STRATEGIC business units,WORKFLOW,1.0
STRATEGIC planning,SUCCESSION planning,1.0
STRATEGIC planning,TASK analysis,1.0
STRATEGIC planning,TEAMS in the workplace,1.0
STRATEGIC planning,TECHNOLOGICAL innovations,1.0
SUCCESS in business,TECHNOLOGICAL innovations -- Economic aspects,1.0
SUPERVISORS,UNITED States -- National Guard,1.0
TASK analysis,TEAMS in the workplace,1.0
TEAMS in the workplace,WORK environment,2.0
TEAMS in the workplace,WORKFLOW,1.0
VIOLENCE,VIOLENCE in the workplace,1.0
VIOLENCE,WORK attitudes,1.0
VIOLENCE,WORK environment,1.0
VIOLENCE in the workplace,WORK attitudes,1.0
VIOLENCE in the workplace,WORK environment,1.0
WOMEN -- Employment,WOMEN employees,1.0
WOMEN -- Employment,WORK & family,1.0
WOMEN employees,WORK & family,1.0
WORK attitudes,WORK environment,1.0
